event_id,day,kind,driver,reduction_mw,n_control_days,n_affected_valid_hours,median_operational_anomaly_vs_normal_mw,median_operational_anomaly_vs_persistence_mw,share_affected_hours_correct_signed_vs_normal,share_affected_hours_correct_signed_vs_persistence,median_declared_mw_share_visible_vs_normal,classification_vs_normal
G018,2022-01-06,generation,avail_gen_mw,1063.0,4,3,1828.0,1063.0,1.0,0.6666666666666666,1.7196613358419568,visible_vs_normal
G018,2022-01-07,generation,avail_gen_mw,1063.0,4,24,1828.0,293.0,1.0,1.0,1.7196613358419568,visible_vs_normal
G053,2023-10-19,generation,avail_gen_mw,1063.0,4,10,286.0,1063.0,0.9,0.9,0.26904985888993416,visible_vs_normal
G053,2023-10-20,generation,avail_gen_mw,1063.0,4,24,286.0,1063.0,1.0,1.0,0.26904985888993416,visible_vs_normal
G053,2023-10-21,generation,avail_gen_mw,1063.0,4,8,146.0,-140.0,1.0,0.0,0.13734713076199437,visible_vs_normal
G055,2023-11-29,generation,avail_gen_mw,1134.0,4,23,754.0,965.0,0.9565217391304348,0.9565217391304348,0.6649029982363316,visible_vs_normal
G055,2023-11-30,generation,avail_gen_mw,1134.0,4,24,754.0,0.0,1.0,0.0,0.6649029982363316,visible_vs_normal
G055,2023-12-01,generation,avail_gen_mw,1134.0,4,24,759.0,0.0,1.0,0.4583333333333333,0.6693121693121693,visible_vs_normal
G055,2023-12-02,generation,avail_gen_mw,1134.0,4,24,714.0,204.0,1.0,1.0,0.6296296296296297,visible_vs_normal
G055,2023-12-03,generation,avail_gen_mw,1134.0,4,24,868.0,0.0,1.0,0.0,0.7654320987654321,visible_vs_normal
G055,2023-12-04,generation,avail_gen_mw,1134.0,4,3,868.0,0.0,1.0,0.0,0.7654320987654321,visible_vs_normal
G060,2024-03-16,generation,avail_gen_mw,1172.0,4,7,1237.0,1172.0,1.0,1.0,1.0554607508532423,visible_vs_normal
G060,2024-03-17,generation,avail_gen_mw,1172.0,4,24,1237.0,1172.0,1.0,1.0,1.0554607508532423,visible_vs_normal
G060,2024-03-18,generation,avail_gen_mw,1172.0,4,24,1237.0,0.0,1.0,0.0,1.0554607508532423,visible_vs_normal
G060,2024-03-19,generation,avail_gen_mw,1172.0,4,24,1237.0,0.0,1.0,0.0,1.0554607508532423,visible_vs_normal
G060,2024-03-20,generation,avail_gen_mw,1172.0,4,24,1237.0,0.0,1.0,0.0,1.0554607508532423,visible_vs_normal
G060,2024-03-21,generation,avail_gen_mw,1172.0,4,24,1237.0,0.0,1.0,0.0,1.0554607508532423,visible_vs_normal
G060,2024-03-22,generation,avail_gen_mw,1172.0,4,2,1172.0,0.0,1.0,0.0,1.0,visible_vs_normal
G074,2025-02-05,generation,avail_gen_mw,1172.0,4,6,0.0,700.0,0.0,1.0,0.0,weak_or_not_visible_vs_normal
G074,2025-02-06,generation,avail_gen_mw,1172.0,4,24,0.0,700.0,0.0,1.0,0.0,weak_or_not_visible_vs_normal
G074,2025-02-07,generation,avail_gen_mw,1172.0,4,24,0.0,0.0,0.0,0.0,0.0,weak_or_not_visible_vs_normal
G074,2025-02-08,generation,avail_gen_mw,1172.0,4,4,0.0,0.0,0.0,0.0,0.0,weak_or_not_visible_vs_normal
G079,2025-05-09,generation,avail_gen_mw,1040.0,4,6,1342.5,330.0,1.0,1.0,1.2908653846153846,visible_vs_normal
G079,2025-05-10,generation,avail_gen_mw,1040.0,4,24,1162.5,180.0,1.0,1.0,1.1177884615384615,visible_vs_normal
G079,2025-05-11,generation,avail_gen_mw,1040.0,4,24,1162.5,0.0,1.0,0.0,1.1177884615384615,visible_vs_normal
G079,2025-05-12,generation,avail_gen_mw,1040.0,4,24,584.0,0.0,1.0,0.0,0.5615384615384615,visible_vs_normal
G079,2025-05-13,generation,avail_gen_mw,1040.0,4,24,584.0,0.0,1.0,0.0,0.5615384615384615,visible_vs_normal
G079,2025-05-14,generation,avail_gen_mw,1040.0,4,24,584.0,0.0,1.0,0.0,0.5615384615384615,visible_vs_normal
G079,2025-05-15,generation,avail_gen_mw,1040.0,4,24,724.0,-117.5,1.0,0.0,0.6961538461538461,visible_vs_normal
G079,2025-05-16,generation,avail_gen_mw,1040.0,3,24,1234.0,0.0,1.0,0.0,1.1865384615384615,visible_vs_normal
G079,2025-05-17,generation,avail_gen_mw,1040.0,3,6,1234.0,0.0,1.0,0.0,1.1865384615384615,visible_vs_normal
G085,2025-08-14,generation,avail_gen_mw,1121.0,4,21,1694.5,1121.0,1.0,1.0,1.5115967885816235,visible_vs_normal
G085,2025-08-15,generation,avail_gen_mw,1121.0,4,24,1209.0,-130.0,1.0,0.0,1.0785013380909902,visible_vs_normal
G085,2025-08-16,generation,avail_gen_mw,1121.0,4,14,1564.5,0.0,1.0,0.0,1.395628902765388,visible_vs_normal
G090,2025-12-22,generation,avail_gen_mw,1040.0,4,4,0.0,1040.0,0.0,0.75,0.0,weak_or_not_visible_vs_normal
G090,2025-12-23,generation,avail_gen_mw,1040.0,4,24,0.0,1040.0,0.0,1.0,0.0,weak_or_not_visible_vs_normal
G090,2025-12-24,generation,avail_gen_mw,1040.0,4,11,0.0,0.0,0.0,0.0,0.0,weak_or_not_visible_vs_normal
G097,2026-04-09,generation,avail_gen_mw,1172.0,4,21,-45.5,160.0,0.0,1.0,-0.038822525597269626,weak_or_not_visible_vs_normal
G097,2026-04-10,generation,avail_gen_mw,1172.0,4,24,-90.0,0.0,0.0,0.0,-0.07679180887372014,weak_or_not_visible_vs_normal
G097,2026-04-11,generation,avail_gen_mw,1172.0,4,2,-90.0,0.0,0.0,0.0,-0.07679180887372014,weak_or_not_visible_vs_normal
T060,2023-11-29,transmission,unavail_tx_import_mw,1200.0,4,23,1700.0,1400.0,1.0,0.9565217391304348,1.4166666666666667,visible_vs_normal
T060,2023-11-30,transmission,unavail_tx_import_mw,1200.0,4,24,1500.0,-200.0,1.0,0.0,1.25,visible_vs_normal
T060,2023-12-01,transmission,unavail_tx_import_mw,1200.0,4,24,1600.0,0.0,1.0,0.0,1.3333333333333333,visible_vs_normal
T060,2023-12-02,transmission,unavail_tx_import_mw,1200.0,4,24,1600.0,0.0,1.0,0.0,1.3333333333333333,visible_vs_normal
T060,2023-12-03,transmission,unavail_tx_import_mw,1200.0,4,24,1600.0,0.0,1.0,0.0,1.3333333333333333,visible_vs_normal
T060,2023-12-04,transmission,unavail_tx_import_mw,1200.0,4,24,1300.0,-100.0,1.0,0.0,1.0833333333333333,visible_vs_normal
T064,2024-05-10,transmission,unavail_tx_import_mw,1000.0,4,3,-347.5,0.0,0.0,0.0,-0.3475,weak_or_not_visible_vs_normal
T064,2024-05-11,transmission,unavail_tx_import_mw,1000.0,4,24,-2327.5,400.0,0.125,0.6666666666666666,-2.3275,weak_or_not_visible_vs_normal
T064,2024-05-12,transmission,unavail_tx_import_mw,1000.0,4,24,-2470.0,-300.0,0.0,0.0,-2.47,weak_or_not_visible_vs_normal
T064,2024-05-13,transmission,unavail_tx_import_mw,1000.0,4,24,-645.0,365.0,0.0,0.75,-0.645,weak_or_not_visible_vs_normal
T064,2024-05-14,transmission,unavail_tx_import_mw,1000.0,4,24,-645.0,0.0,0.0,0.0,-0.645,weak_or_not_visible_vs_normal
T064,2024-05-15,transmission,unavail_tx_import_mw,1000.0,4,15,-810.0,-165.0,0.0,0.0,-0.81,weak_or_not_visible_vs_normal
T065,2024-06-18,transmission,unavail_tx_import_mw,1100.0,4,7,-125.0,300.0,0.0,1.0,-0.11363636363636363,weak_or_not_visible_vs_normal
T065,2024-06-19,transmission,unavail_tx_import_mw,1100.0,4,24,-125.0,300.0,0.2916666666666667,1.0,-0.11363636363636363,weak_or_not_visible_vs_normal
T065,2024-06-20,transmission,unavail_tx_import_mw,1100.0,4,24,300.0,0.0,1.0,0.0,0.2727272727272727,visible_vs_normal
T065,2024-06-21,transmission,unavail_tx_import_mw,1100.0,4,24,300.0,0.0,1.0,0.0,0.2727272727272727,visible_vs_normal
T065,2024-06-22,transmission,unavail_tx_import_mw,1100.0,4,24,300.0,0.0,1.0,0.0,0.2727272727272727,visible_vs_normal
T065,2024-06-23,transmission,unavail_tx_import_mw,1100.0,4,24,300.0,0.0,1.0,0.0,0.2727272727272727,visible_vs_normal
T065,2024-06-24,transmission,unavail_tx_import_mw,1100.0,4,24,701.25,715.0,1.0,0.75,0.6375,visible_vs_normal
T065,2024-06-25,transmission,unavail_tx_import_mw,1100.0,3,24,1015.0,400.0,1.0,0.75,0.9227272727272727,visible_vs_normal
T065,2024-06-26,transmission,unavail_tx_import_mw,1100.0,3,24,1115.0,100.0,1.0,1.0,1.0136363636363637,visible_vs_normal
T065,2024-06-27,transmission,unavail_tx_import_mw,1100.0,3,24,1515.0,0.0,1.0,0.0,1.3772727272727272,visible_vs_normal
T069,2025-02-28,transmission,unavail_tx_import_mw,1000.0,3,8,2000.0,2000.0,0.875,0.875,2.0,visible_vs_normal
T069,2025-03-01,transmission,unavail_tx_import_mw,1000.0,3,24,2000.0,2000.0,1.0,1.0,2.0,visible_vs_normal
T069,2025-03-02,transmission,unavail_tx_import_mw,1000.0,4,24,1792.5,0.0,1.0,0.0,1.7925,visible_vs_normal
T069,2025-03-03,transmission,unavail_tx_import_mw,1000.0,4,24,1792.5,0.0,1.0,0.0,1.7925,visible_vs_normal
T069,2025-03-04,transmission,unavail_tx_import_mw,1000.0,4,24,2092.5,300.0,1.0,0.7083333333333334,2.0925,visible_vs_normal
T069,2025-03-05,transmission,unavail_tx_import_mw,1000.0,3,24,2300.0,0.0,1.0,0.0,2.3,visible_vs_normal
T069,2025-03-06,transmission,unavail_tx_import_mw,1000.0,3,24,2400.0,100.0,1.0,0.5,2.4,visible_vs_normal
T069,2025-03-07,transmission,unavail_tx_import_mw,1000.0,2,24,2300.0,-200.0,1.0,0.0,2.3,visible_vs_normal
T069,2025-03-08,transmission,unavail_tx_import_mw,1000.0,2,24,2300.0,0.0,1.0,0.0,2.3,visible_vs_normal
T069,2025-03-09,transmission,unavail_tx_import_mw,1000.0,3,24,2300.0,0.0,1.0,0.0,2.3,visible_vs_normal
T069,2025-03-10,transmission,unavail_tx_import_mw,1000.0,3,24,2600.0,300.0,1.0,0.75,2.6,visible_vs_normal
T069,2025-03-11,transmission,unavail_tx_import_mw,1000.0,3,24,2600.0,-515.0,1.0,0.0,2.6,visible_vs_normal
T069,2025-03-12,transmission,unavail_tx_import_mw,1000.0,3,24,2600.0,0.0,1.0,0.0,2.6,visible_vs_normal
T069,2025-03-13,transmission,unavail_tx_import_mw,1000.0,3,24,2600.0,0.0,1.0,0.375,2.6,visible_vs_normal
T069,2025-03-14,transmission,unavail_tx_import_mw,1000.0,2,24,2600.0,-465.0,1.0,0.0,2.6,visible_vs_normal
T069,2025-03-15,transmission,unavail_tx_import_mw,1000.0,2,24,2600.0,0.0,1.0,0.0,2.6,visible_vs_normal
T069,2025-03-16,transmission,unavail_tx_import_mw,1000.0,2,24,2600.0,0.0,1.0,0.0,2.6,visible_vs_normal
T069,2025-03-17,transmission,unavail_tx_import_mw,1000.0,2,24,3495.0,895.0,1.0,0.75,3.495,visible_vs_normal
T069,2025-03-18,transmission,unavail_tx_import_mw,1000.0,2,24,3495.0,0.0,1.0,0.0,3.495,visible_vs_normal
T069,2025-03-19,transmission,unavail_tx_import_mw,1000.0,2,24,3495.0,0.0,1.0,0.0,3.495,visible_vs_normal
T069,2025-03-20,transmission,unavail_tx_import_mw,1000.0,2,24,3000.0,-495.0,1.0,0.0,3.0,visible_vs_normal
T069,2025-03-21,transmission,unavail_tx_import_mw,1000.0,1,24,3000.0,0.0,1.0,0.0,3.0,visible_vs_normal
T069,2025-03-22,transmission,unavail_tx_import_mw,1000.0,1,24,2600.0,-400.0,1.0,0.0,2.6,visible_vs_normal
T069,2025-03-23,transmission,unavail_tx_import_mw,1000.0,1,24,2600.0,0.0,1.0,0.0,2.6,visible_vs_normal
T069,2025-03-24,transmission,unavail_tx_import_mw,1000.0,1,24,2600.0,0.0,1.0,0.0,2.6,visible_vs_normal
T069,2025-03-25,transmission,unavail_tx_import_mw,1000.0,1,24,2600.0,0.0,1.0,0.0,2.6,visible_vs_normal
T069,2025-03-26,transmission,unavail_tx_import_mw,1000.0,1,24,2600.0,0.0,1.0,0.0,2.6,visible_vs_normal
T069,2025-03-27,transmission,unavail_tx_import_mw,1000.0,1,24,2600.0,0.0,1.0,0.0,2.6,visible_vs_normal
T069,2025-03-28,transmission,unavail_tx_import_mw,1000.0,0,0,,,,,,no_valid_affected_hours
T069,2025-03-29,transmission,unavail_tx_import_mw,1000.0,0,0,,,,,,no_valid_affected_hours
T069,2025-03-30,transmission,unavail_tx_import_mw,1000.0,0,0,,,,,,no_valid_affected_hours
T069,2025-03-31,transmission,unavail_tx_import_mw,1000.0,0,0,,,,,,no_valid_affected_hours
