event_id,day,kind,driver,n_scored_hours,n_affected_scored_hours,baseline_mae_all,oracle_mae_all,oracle_minus_baseline_mae_all,baseline_mae_affected,oracle_mae_affected,oracle_minus_baseline_mae_affected,mean_baseline_residual_affected,mean_oracle_forecast_shift_affected,share_correct_sensitivity_sign_affected,median_abs_sensitivity_per_100mw_affected,mean_load_forecast_mw_affected,mean_wind_forecast_mw_affected,mean_solar_forecast_mw_affected,mean_other_import_unavail_mw_affected,mean_other_export_unavail_mw_affected,mean_hydro_reservoir_fill_affected
G018,2022-01-06,generation,avail_gen_mw,0,0,,,,,,,,,,,,,,,,
G018,2022-01-07,generation,avail_gen_mw,0,0,,,,,,,,,,,,,,,,
G053,2023-10-19,generation,avail_gen_mw,24,10,15.773624034108044,15.38053628750707,-0.3930877466009728,13.115106279692188,12.207703064979151,-0.9074032147130368,-6.629118769562309,3.079044688450171,0.9,0.3386644815918185,10718.5,2181.121,39.703,2700.0,1095.0,2277000.0
G053,2023-10-20,generation,avail_gen_mw,24,24,10.464754129576635,9.401863167999041,-1.0628909615775937,10.464754129576635,9.401863167999041,-1.0628909615775937,2.5203625919746067,2.297194121914809,0.5833333333333334,0.12162731962611062,10275.708333333334,2817.43625,38.343333333333334,2633.3333333333335,1095.0,2277000.0
G053,2023-10-21,generation,avail_gen_mw,24,8,12.355693760811747,16.342620931719384,3.9869271709076375,12.628132837144822,12.509857594509022,-0.11827524263580003,11.73270951067488,0.5209634570056241,0.0,0.030513724318641522,8628.625,3057.2425,0.115,2500.0,1104.375,2277000.0
G055,2023-11-29,generation,avail_gen_mw,24,23,33.172583545291694,31.42713804841847,-1.7454454968732183,33.74647485727387,32.13500503278828,-1.6114698244855896,8.698180621263468,1.0679133076932417,0.6956521739130435,0.21371554035111728,13040.304347826086,1111.5965217391306,3.200869565217392,2017.391304347826,2135.217391304348,2015000.0
G055,2023-11-30,generation,avail_gen_mw,24,24,33.42017696395549,33.42017696395549,0.0,33.42017696395549,33.42017696395549,0.0,32.759567153363086,0.0,0.625,0.5013986047925982,13072.916666666666,1262.4408333333333,3.1945833333333327,1925.0,2170.0,2015000.0
G055,2023-12-01,generation,avail_gen_mw,24,24,12.699231243941492,12.698836242761672,-0.00039500117981875843,12.699231243941492,12.698836242761672,-0.00039500117981875843,-4.0742709545112445,-0.00039500117981875843,0.6666666666666666,0.5270050386447451,13023.208333333334,1274.9633333333334,3.7420833333333334,2000.0,2145.0,2015000.0
G055,2023-12-02,generation,avail_gen_mw,24,24,53.52037565584671,54.04743329896845,0.5270576431217489,53.52037565584671,54.04743329896845,0.5270576431217489,-53.52037565584671,0.5270576431217489,0.625,0.47639067168263693,12592.583333333334,480.6366666666666,4.0058333333333325,2000.0,2095.0,2015000.0
G055,2023-12-03,generation,avail_gen_mw,24,24,37.723531470714555,37.723531470714555,0.0,37.723531470714555,37.723531470714555,0.0,-37.723531470714555,0.0,0.625,0.43115095595165087,12735.125,487.6708333333333,4.551666666666667,2000.0,2095.0,2015000.0
G055,2023-12-04,generation,avail_gen_mw,24,3,30.059554503486282,29.99332084254389,-0.06623366094239103,2.62104321223093,5.280044293756585,2.659001081525654,-1.9494738929948738,3.3305704007617103,0.0,0.6013575854842088,11786.666666666666,519.7633333333333,0.02666666666666667,1900.0,2195.0,1930000.0
G060,2024-03-16,generation,avail_gen_mw,24,7,17.237011236182557,16.80833479088284,-0.4286764452997212,12.521043855943764,9.965214613656196,-2.5558292422875692,11.007993314658934,2.5558292422875692,1.0,0.26919858501136673,10540.714285714286,2655.7885714285717,0.35857142857142854,2215.0,2503.5714285714284,1252000.0
G060,2024-03-17,generation,avail_gen_mw,24,24,4.94625313604752,6.132484569535254,1.1862314334877346,4.94625313604752,6.132484569535254,1.1862314334877346,-1.1350921529603997,1.9828605220141358,0.75,0.13272823441271697,10603.625,1479.28125,144.95125,2215.0,2475.0,1252000.0
G060,2024-03-18,generation,avail_gen_mw,24,24,42.587602346300095,42.587602346300095,0.0,42.587602346300095,42.587602346300095,0.0,-42.31098816205776,0.0,0.7083333333333334,0.2020951140053029,11814.166666666666,351.0608333333333,127.05916666666666,2215.0,2475.0,1253000.0
G060,2024-03-19,generation,avail_gen_mw,24,24,6.1848803012869595,6.1848803012869595,0.0,6.1848803012869595,6.1848803012869595,0.0,-1.3868867074304037,0.0,0.6666666666666666,0.13495285291411818,11562.541666666666,660.2366666666667,122.22125,2215.0,2475.0,1253000.0
G060,2024-03-20,generation,avail_gen_mw,24,24,18.028138670000192,18.028138670000192,0.0,18.028138670000192,18.028138670000192,0.0,-11.98415431320055,0.0,0.6666666666666666,0.15760152891097334,11285.333333333334,413.2791666666667,29.43875,2215.0,2475.0,1253000.0
G060,2024-03-21,generation,avail_gen_mw,24,24,19.17160608390918,19.17160608390918,0.0,19.17160608390918,19.17160608390918,0.0,-8.30555995277077,0.0,0.6666666666666666,0.20504453269251144,10984.791666666666,428.56500000000005,86.50958333333334,2081.6666666666665,2288.3333333333335,1253000.0
G060,2024-03-22,generation,avail_gen_mw,24,2,22.31621385643972,24.221873558458004,1.9056597020182793,1.2128671761184258,2.2423794086080946,1.0295122324896688,0.09581692258339913,-0.41744626536556595,0.5,0.08436557747955575,9592.5,2166.135,0.155,2015.0,2115.0,1253000.0
G074,2025-02-05,generation,avail_gen_mw,24,6,6.642888734842899,6.8752944270197105,0.23240569217681273,4.650892654644537,5.056110831812908,0.4052181771683709,-1.100683147213547,1.160785857294884,0.8333333333333334,0.1705388789813398,12084.0,1675.0250000000003,0.2333333333333333,415.0,465.0,1598000.0
G074,2025-02-06,generation,avail_gen_mw,24,24,27.223217322856247,27.473310323019746,0.2500930001634982,27.223217322856247,27.473310323019746,0.2500930001634982,23.31846924008993,0.5900459550312768,0.5,0.07381377591285343,12191.541666666666,637.4895833333334,43.732499999999995,415.0,465.0,1598000.0
G074,2025-02-07,generation,avail_gen_mw,24,24,14.459309339763637,14.459309339763637,0.0,14.459309339763637,14.459309339763637,0.0,-13.85313432506178,0.0,0.5416666666666666,0.19465616017122045,12246.5,697.78125,20.299583333333334,415.0,465.0,1598000.0
G074,2025-02-08,generation,avail_gen_mw,24,4,6.6051525133511495,7.085812852206104,0.48066033885495446,1.8768072921890457,2.1367703207857964,0.2599630285967507,0.30964262243330154,1.7744057957016288,0.0,0.27239585030439883,10534.0,1306.2125,0.2125,415.0,465.0,1598000.0
G079,2025-05-09,generation,avail_gen_mw,24,6,21.610187618534876,21.33458583241882,-0.27560178611605934,52.896289515467934,52.09033188114449,-0.8059576343234447,52.896289515467934,0.8059576343234447,0.6666666666666666,0.11335326824370284,8681.833333333334,344.84999999999997,14.486666666666666,5450.0,2500.0,1566000.0
G079,2025-05-10,generation,avail_gen_mw,24,24,27.899311904163806,27.906722350743653,0.007410446579850276,27.899311904163806,27.906722350743653,0.007410446579850276,7.118489572535274,-0.05461512073571454,0.16666666666666666,0.05913456600827871,7854.791666666667,258.5833333333333,195.4416666666667,5366.666666666667,2500.0,1566000.0
G079,2025-05-11,generation,avail_gen_mw,24,24,23.92181622988114,23.92181622988114,0.0,23.92181622988114,23.92181622988114,0.0,2.6096172809585996,0.0,0.16666666666666666,0.05727827078680825,7721.0,175.42,192.21583333333334,5050.0,2500.0,1566000.0
G079,2025-05-12,generation,avail_gen_mw,24,24,18.90270124836241,18.90270124836241,0.0,18.90270124836241,18.90270124836241,0.0,8.932744356547394,0.0,0.16666666666666666,0.05577113512477894,8654.875,309.62,0.3499999999999999,5050.0,2875.0,1565041.6666666667
G079,2025-05-13,generation,avail_gen_mw,24,24,31.031777521322766,31.031777521322766,0.0,31.031777521322766,31.031777521322766,0.0,12.351315056262452,0.0,0.16666666666666666,0.04234601834813212,8465.416666666666,505.3333333333333,242.85875,5050.0,3000.0,1565000.0
G079,2025-05-14,generation,avail_gen_mw,24,24,27.599152471154298,27.671978378388218,0.07282590723392272,27.599152471154298,27.671978378388218,0.07282590723392272,10.520111324051724,-0.10323016021972735,0.16666666666666666,0.04389037775655957,8555.125,1923.7237499999999,339.65333333333336,5050.0,3000.0,1565000.0
G079,2025-05-15,generation,avail_gen_mw,24,24,14.900094991858097,14.975881990674837,0.07578699881674018,14.900094991858097,14.975881990674837,0.07578699881674018,1.0055908257223507,0.11668475204353006,0.125,0.056703770585952995,8493.166666666666,2015.7283333333332,339.84625,5050.0,2950.0,1565000.0
G079,2025-05-16,generation,avail_gen_mw,24,24,15.209196642211259,15.209196642211259,0.0,15.209196642211259,15.209196642211259,0.0,6.048810488183402,0.0,0.16666666666666666,0.040412537881010735,8058.208333333333,1818.29375,345.3754166666667,4483.333333333333,2366.6666666666665,1565000.0
G079,2025-05-17,generation,avail_gen_mw,24,6,9.346255930411163,8.657456039580651,-0.6887998908305116,1.5845374601295312,1.8930871569922978,0.3085496968627665,-0.1676395919228586,0.47296040315541826,0.0,0.011182244226098703,7142.166666666667,1851.9183333333333,3.7750000000000004,2100.0,1900.0,1565000.0
G085,2025-08-14,generation,avail_gen_mw,24,21,7.101347052790431,7.116900318368884,0.015553265578453898,7.718967330355643,7.719024027928617,5.66975729735678e-05,-0.3644737036571521,0.11093953195027646,0.6190476190476191,0.02460705182714662,8218.952380952382,399.12523809523805,359.95714285714286,4515.0,4498.571428571428,2061000.0
G085,2025-08-15,generation,avail_gen_mw,24,24,7.328293014027949,7.338991603341239,0.010698589313292336,7.328293014027949,7.338991603341239,0.010698589313292336,-1.9620713170056385,-0.011331899144197225,0.5,0.011139819956618169,7893.0,1306.89875,270.4241666666667,4515.0,4070.0,2061000.0
G085,2025-08-16,generation,avail_gen_mw,24,14,14.246262540237657,14.603266224442864,0.35700368420520734,17.50521939796389,17.601343534291903,0.09612413632800733,17.50521939796389,-0.09612413632800733,0.21428571428571427,0.010091014866695502,6765.428571428572,1427.7335714285716,374.5414285714286,4515.0,4070.0,2061000.0
G090,2025-12-22,generation,avail_gen_mw,24,4,15.853035312421506,15.910520949038181,0.05748563661667827,11.40897430754658,10.599376327265855,-0.809597980280726,11.40897430754658,0.809597980280726,0.75,0.06550913736838382,11181.4375,736.7216874999999,0.1325,0.0,0.0,2273000.0
G090,2025-12-23,generation,avail_gen_mw,24,24,36.92556955109115,37.328528542673816,0.40295899158265974,36.92556955109115,37.328528542673816,0.40295899158265974,-36.14056817631535,0.31928688993564486,0.375,0.008977896261541218,11759.864583333334,597.98559375,6.107916666666667,0.0,0.0,2273000.0
G090,2025-12-24,generation,avail_gen_mw,24,11,10.133546540629027,10.132482909220338,-0.0010636314086888514,10.34165869110408,10.547791594023147,0.20613290291906852,10.03047313651071,-0.20613290291906852,0.45454545454545453,0.033676760427425734,10465.15909090909,805.5796363636363,5.293022727272727,0.0,0.0,2273000.0
G097,2026-04-09,generation,avail_gen_mw,24,21,13.392459961339108,13.323350955747946,-0.06910900559116435,15.116203228803458,15.038004848314198,-0.07819838048926017,2.3738230010433745,0.04548080901201686,0.5238095238095238,0.07664064542017712,10154.27380952381,707.6084761904762,476.3850000000001,2600.0,3940.0,1561000.0
G097,2026-04-10,generation,avail_gen_mw,24,24,35.083366396797025,35.083366396797025,0.0,35.083366396797025,35.083366396797025,0.0,35.083366396797025,0.0,0.375,0.05101975989007457,9991.572916666666,1207.2965416666668,395.43871874999996,2600.0,3200.0,1561000.0
G097,2026-04-11,generation,avail_gen_mw,24,2,22.17756407405842,21.028219635595853,-1.1493444384625644,15.58482842837931,13.889951893999935,-1.6948765343793752,15.58482842837931,1.6948765343793752,0.0,0.12676399993729248,9258.0,783.920125,0.374625,2600.0,3200.0,1561000.0
T060,2023-11-29,transmission,unavail_tx_import_mw,24,23,33.172583545291694,32.46102813494744,-0.7115554103442546,33.74647485727387,33.10095157305773,-0.6455232842161412,8.698180621263468,2.318935327193589,0.8695652173913043,0.22282589605185876,13040.304347826086,1111.5965217391306,3.200869565217392,2017.391304347826,2135.217391304348,2015000.0
T060,2023-11-30,transmission,unavail_tx_import_mw,24,24,33.42017696395549,34.67553909069634,1.2553621267408508,33.42017696395549,34.67553909069634,1.2553621267408508,32.759567153363086,-1.4631542756571483,0.875,0.49324274530282963,13072.916666666666,1262.4408333333333,3.1945833333333327,1925.0,2170.0,2015000.0
T060,2023-12-01,transmission,unavail_tx_import_mw,24,24,12.699231243941492,12.699231243941492,0.0,12.699231243941492,12.699231243941492,0.0,-4.0742709545112445,0.0,0.875,0.6119796275806095,13023.208333333334,1274.9633333333334,3.7420833333333334,2000.0,2145.0,2015000.0
T060,2023-12-02,transmission,unavail_tx_import_mw,24,24,53.52037565584671,53.52037565584671,0.0,53.52037565584671,53.52037565584671,0.0,-53.52037565584671,0.0,0.875,0.6759199984468722,12592.583333333334,480.6366666666666,4.0058333333333325,2000.0,2095.0,2015000.0
T060,2023-12-03,transmission,unavail_tx_import_mw,24,24,37.723531470714555,37.723531470714555,0.0,37.723531470714555,37.723531470714555,0.0,-37.723531470714555,0.0,0.875,0.5356243424724454,12735.125,487.6708333333333,4.551666666666667,2000.0,2095.0,2015000.0
T060,2023-12-04,transmission,unavail_tx_import_mw,24,24,30.059554503486282,29.83241637036416,-0.22713813312211664,30.059554503486282,29.83241637036416,-0.22713813312211664,-18.38393200701068,-0.6013888366754566,0.875,0.688678094415593,13827.958333333334,279.2808333333333,4.710833333333333,1900.0,2195.0,1930000.0
T064,2024-05-10,transmission,unavail_tx_import_mw,24,3,19.997120273504184,19.989680483913794,-0.007439789590386899,8.946589207507929,8.946589207507929,0.0,-8.592118962994151,0.0,1.0,0.14591012096678924,8336.0,127.08666666666666,0.25666666666666665,4066.6666666666665,3390.0,2259000.0
T064,2024-05-11,transmission,unavail_tx_import_mw,24,24,16.289306662871624,17.419823075957694,1.1305164130860723,16.289306662871624,17.419823075957694,1.1305164130860723,-16.289306662871624,1.1305164130860723,1.0,0.23554797090817559,7723.166666666667,118.88499999999999,301.3633333333333,4445.833333333333,3515.0,2259000.0
T064,2024-05-12,transmission,unavail_tx_import_mw,24,24,13.888659113974617,13.146023144244134,-0.7426359697304803,13.888659113974617,13.146023144244134,-0.7426359697304803,-13.743900868563903,-0.8105644181339602,0.9583333333333334,0.20076526615122958,7601.458333333333,304.02125,276.5520833333333,4175.0,3147.9166666666665,2259000.0
T064,2024-05-13,transmission,unavail_tx_import_mw,24,24,12.065500900924638,12.559330242586256,0.49382934166161707,12.065500900924638,12.559330242586256,0.49382934166161707,-11.680669637770558,0.46882585888515393,0.9166666666666666,0.21121992394454914,8134.333333333333,200.72,302.69624999999996,4466.875,3507.2916666666665,2348125.0
T064,2024-05-14,transmission,unavail_tx_import_mw,24,24,14.26409452953682,14.188958865609473,-0.07513566392734683,14.26409452953682,14.188958865609473,-0.07513566392734683,-14.26409452953682,-0.07513566392734683,1.0,0.1966032338472523,8042.875,351.41291666666666,307.87875,4514.166666666667,3170.8333333333335,2352000.0
T064,2024-05-15,transmission,unavail_tx_import_mw,24,15,12.103858200526572,12.846687127079326,0.7428289265527521,8.420972172597672,9.000408860931012,0.5794366883333377,-2.5200755352959656,-0.7101557492479278,0.9333333333333333,0.29412729323021836,7918.333333333333,480.882,372.202,4352.666666666667,2500.0,2352000.0
T065,2024-06-18,transmission,unavail_tx_import_mw,24,7,8.899239445157564,8.587283846833124,-0.31195559832444103,4.7431294167634706,4.64725402133537,-0.09587539542810067,-2.2322615019162955,0.10135336481960522,1.0,0.36991003080888873,8361.142857142857,1487.6842857142856,108.1771428571429,3545.0,2500.0,2328000.0
T065,2024-06-19,transmission,unavail_tx_import_mw,24,24,19.94023603058901,20.412323504069423,0.4720874734804175,19.94023603058901,20.412323504069423,0.4720874734804175,-12.825940958203278,0.964819324250266,0.9583333333333334,0.3255963648605018,8201.458333333334,676.7925,255.665,3545.0,2500.0,2328000.0
T065,2024-06-20,transmission,unavail_tx_import_mw,24,24,15.130369622929924,15.130369622929924,0.0,15.130369622929924,15.130369622929924,0.0,14.131985298042835,0.0,1.0,0.4988210877601986,7960.583333333333,1524.6325,362.81166666666667,3545.0,2921.4583333333335,2328000.0
T065,2024-06-21,transmission,unavail_tx_import_mw,24,24,8.457650338075686,8.457650338075686,0.0,8.457650338075686,8.457650338075686,0.0,-7.684206987235673,0.0,1.0,0.29482534103305724,7030.0,372.77375,359.2979166666667,3545.0,2896.6666666666665,2328000.0
T065,2024-06-22,transmission,unavail_tx_import_mw,24,24,10.257576221850256,10.257576221850256,0.0,10.257576221850256,10.257576221850256,0.0,3.2388912442264775,0.0,1.0,0.3329889594327149,6837.791666666667,602.1625,169.0091666666667,3545.0,2500.0,2328000.0
T065,2024-06-23,transmission,unavail_tx_import_mw,24,24,10.049980445937079,10.049980445937079,0.0,10.049980445937079,10.049980445937079,0.0,-6.960443978694923,0.0,1.0,0.2917923289923934,7099.041666666667,335.4683333333333,276.94041666666664,3545.0,2500.0,2328000.0
T065,2024-06-24,transmission,unavail_tx_import_mw,24,24,12.47173158168973,13.856257919767698,1.3845263380779673,12.47173158168973,13.856257919767698,1.3845263380779673,-12.341589338255524,1.4704547173919948,1.0,0.23011419219091067,8066.375,219.415,342.85291666666666,4081.25,3490.8333333333335,2289666.6666666665
T065,2024-06-25,transmission,unavail_tx_import_mw,24,24,15.997169120095563,16.582874183774532,0.5857050636789668,15.997169120095563,16.582874183774532,0.5857050636789668,-15.997169120095563,0.5857050636789668,0.9583333333333334,0.1570698404205828,8077.708333333333,304.835,379.4916666666666,4560.0,3710.0,2288000.0
T065,2024-06-26,transmission,unavail_tx_import_mw,24,24,16.233523124662103,16.38640457043662,0.1528814457745192,16.233523124662103,16.38640457043662,0.1528814457745192,-16.233523124662103,0.1528814457745192,1.0,0.12886654221254545,8100.125,243.29583333333335,383.5420833333333,4760.0,4210.0,2288000.0
T065,2024-06-27,transmission,unavail_tx_import_mw,24,24,5.477643902787672,5.477643902787672,0.0,5.477643902787672,5.477643902787672,0.0,-5.46225901202926,0.0,0.9583333333333334,0.13143064724067877,8064.458333333333,431.8041666666666,350.5520833333333,4760.0,4210.0,2288000.0
T069,2025-02-28,transmission,unavail_tx_import_mw,24,8,17.147343274479287,16.717940923020475,-0.4294023514588113,13.4908057976455,13.271298102071455,-0.2195076955740456,4.107442256021145,2.156455705279705,1.0,0.06784080845680407,11765.375,388.1625,5.8500000000000005,1750.0,1575.0,1380000.0
T069,2025-03-01,transmission,unavail_tx_import_mw,24,24,8.33191965185685,9.153450316146575,0.8215306642897247,8.33191965185685,9.153450316146575,0.8215306642897247,-7.5604834778521495,1.1002035712747882,0.9166666666666666,0.040431854451302485,11011.333333333334,929.2158333333333,71.80833333333334,2000.0,1800.0,1380000.0
T069,2025-03-02,transmission,unavail_tx_import_mw,24,24,5.720852303187994,5.720852303187994,0.0,5.720852303187994,5.720852303187994,0.0,-5.712584744177039,0.0,0.875,0.09193820042674794,10628.958333333334,2649.6662499999998,68.33166666666666,2000.0,1800.0,1380000.0
T069,2025-03-03,transmission,unavail_tx_import_mw,24,24,7.51463828812694,7.51463828812694,0.0,7.51463828812694,7.51463828812694,0.0,-7.117312919383991,0.0,0.9166666666666666,0.07782894292937925,11164.291666666666,3262.469166666667,84.46,2000.0,1800.0,1426000.0
T069,2025-03-04,transmission,unavail_tx_import_mw,24,24,6.161878393457569,6.1880318836136015,0.026153490156033188,6.161878393457569,6.1880318836136015,0.026153490156033188,-5.07105821317595,0.17024321701553516,0.9166666666666666,0.073422702494776,11035.375,3110.902083333333,58.24375,2200.0,1850.0,1426000.0
T069,2025-03-05,transmission,unavail_tx_import_mw,24,24,9.15172429316756,9.15172429316756,0.0,9.15172429316756,9.15172429316756,0.0,-5.751725595620627,0.0,0.8333333333333334,0.07038551496109591,10866.583333333334,3245.3679166666666,29.340416666666666,2300.0,1800.0,1426000.0
T069,2025-03-06,transmission,unavail_tx_import_mw,24,24,10.688862870123643,10.635807446186595,-0.053055423937049095,10.688862870123643,10.635807446186595,-0.053055423937049095,5.621518074733051,0.08032734741225663,0.8333333333333334,0.0695553096070558,10583.916666666666,3001.3504166666667,75.24874999999999,2400.0,1900.0,1426000.0
T069,2025-03-07,transmission,unavail_tx_import_mw,24,24,7.053432562406916,7.107655295791814,0.05422273338489717,7.053432562406916,7.107655295791814,0.05422273338489717,3.4378848410462006,-0.11993825476281428,0.875,0.05727239262946693,10329.583333333334,1644.1166666666668,104.03916666666667,2300.0,1800.0,1426000.0
T069,2025-03-08,transmission,unavail_tx_import_mw,24,24,17.882580595716345,17.882580595716345,0.0,17.882580595716345,17.882580595716345,0.0,-17.882580595716345,0.0,0.875,0.05131542969633074,9638.125,491.75291666666664,88.71458333333334,2300.0,1800.0,1426000.0
T069,2025-03-09,transmission,unavail_tx_import_mw,24,24,14.85649786005166,14.85649786005166,0.0,14.85649786005166,14.85649786005166,0.0,2.348137742953941,0.0,0.875,0.04524006247977752,9894.875,213.78166666666667,78.92958333333333,2300.0,1800.0,1426000.0
T069,2025-03-10,transmission,unavail_tx_import_mw,24,24,30.780653262410613,30.629290775266583,-0.15136248714403688,30.780653262410613,30.629290775266583,-0.15136248714403688,30.415433198333698,0.18514661835389656,0.8333333333333334,0.06245969832680842,10920.333333333334,711.86375,47.14875000000001,2589.375,1851.875,1371000.0
T069,2025-03-11,transmission,unavail_tx_import_mw,24,24,41.363958165352024,41.84043523193087,0.47647706657884487,41.363958165352024,41.84043523193087,0.47647706657884487,41.363958165352024,-0.47647706657884514,0.875,0.06651551227179908,11522.625,900.4966666666666,44.13166666666667,2600.0,1800.0,1371000.0
T069,2025-03-12,transmission,unavail_tx_import_mw,24,24,19.342522044648856,19.342522044648856,0.0,19.342522044648856,19.342522044648856,0.0,17.55356214605185,0.0,0.8333333333333334,0.1922371708500208,11787.041666666666,789.3791666666666,28.38625,2600.0,1916.6666666666667,1371000.0
T069,2025-03-13,transmission,unavail_tx_import_mw,24,24,15.745580398226025,15.67620114340153,-0.06937925482449477,15.745580398226025,15.67620114340153,-0.06937925482449477,11.400326025241483,0.06937925482449477,0.75,0.17633174797673234,11951.041666666666,377.83125,75.06,2774.375,1936.875,1371000.0
T069,2025-03-14,transmission,unavail_tx_import_mw,24,24,31.61612117612152,31.94127603979008,0.32515486366855306,31.61612117612152,31.94127603979008,0.32515486366855306,31.146898647544248,-0.38743493109678023,0.7916666666666666,0.0822035062287867,11726.083333333334,590.22875,166.77666666666667,2600.0,1800.0,1371000.0
T069,2025-03-15,transmission,unavail_tx_import_mw,24,24,17.155408461054094,17.155408461054094,0.0,17.155408461054094,17.155408461054094,0.0,-17.155408461054094,0.0,0.7916666666666666,0.058152131446744804,10746.041666666666,2101.02375,164.3925,2600.0,1800.0,1371000.0
T069,2025-03-16,transmission,unavail_tx_import_mw,24,24,6.413979198231801,6.413979198231801,0.0,6.413979198231801,6.413979198231801,0.0,3.1488440669669413,0.0,0.7083333333333334,0.05938538634556778,10566.25,2191.9195833333333,160.53916666666666,2600.0,1800.0,1371000.0
T069,2025-03-17,transmission,unavail_tx_import_mw,24,24,41.67190443998527,41.41162288782131,-0.2602815521639559,41.67190443998527,41.41162288782131,-0.2602815521639559,37.72273423825206,0.2804570214967579,0.6666666666666666,0.04520971273692709,11458.583333333334,1705.4095833333333,158.62541666666667,3254.5833333333335,1886.25,1310000.0
T069,2025-03-18,transmission,unavail_tx_import_mw,24,24,33.06050571595452,33.06050571595452,0.0,33.06050571595452,33.06050571595452,0.0,-18.02084261184446,0.0,0.6666666666666666,0.06271011114897362,11094.125,1626.1870833333335,163.96124999999998,3495.0,1915.0,1310000.0
T069,2025-03-19,transmission,unavail_tx_import_mw,24,24,30.310454312209476,30.424909846831053,0.11445553462157358,30.310454312209476,30.424909846831053,0.11445553462157358,19.67846875654944,-0.1491445526514977,0.6666666666666666,0.031887648200989105,10834.375,1092.7054166666667,176.0533333333333,3309.375,1871.875,1310000.0
T069,2025-03-20,transmission,unavail_tx_import_mw,24,24,38.407317211856466,38.76724806854674,0.35993085669027663,38.407317211856466,38.76724806854674,0.35993085669027663,25.747817219803355,-0.3960458952315606,0.7916666666666666,0.043700026323243435,10689.583333333334,1167.3433333333335,166.7591666666667,3000.0,1800.0,1310000.0
T069,2025-03-21,transmission,unavail_tx_import_mw,24,24,33.7231291012719,33.19828058698725,-0.5248485142846541,33.7231291012719,33.19828058698725,-0.5248485142846541,-14.690495512670424,-0.30315453447555435,0.75,0.09172789186229124,10437.541666666666,748.4275000000001,198.73458333333335,2850.0,1800.0,1310000.0
T069,2025-03-22,transmission,unavail_tx_import_mw,24,24,11.319649894933397,11.110376230337517,-0.20927366459588015,11.319649894933397,11.110376230337517,-0.20927366459588015,-10.496641269678634,-0.20006310194374036,0.7083333333333334,0.05281121825819568,9769.458333333334,1416.5891666666666,189.46916666666667,2600.0,1800.0,1310000.0
T069,2025-03-23,transmission,unavail_tx_import_mw,24,24,14.627772490694786,14.627772490694786,0.0,14.627772490694786,14.627772490694786,0.0,-1.1713701666997511,0.0,0.6666666666666666,0.06991705035472151,9700.25,1608.9091666666666,192.45749999999998,2600.0,1800.0,1310000.0
T069,2025-03-24,transmission,unavail_tx_import_mw,24,24,33.71944192575237,33.71944192575237,0.0,33.71944192575237,33.71944192575237,0.0,32.667494362648526,0.0,0.625,0.04433410455701825,10484.5,972.5679166666667,216.87249999999997,2600.0,3570.0,1271000.0
T069,2025-03-25,transmission,unavail_tx_import_mw,24,24,16.190601333846484,16.190601333846484,0.0,16.190601333846484,16.190601333846484,0.0,9.131519594921714,0.0,0.5833333333333334,0.05464538248855355,10579.375,1411.27625,42.608333333333334,2600.0,4160.0,1271000.0
T069,2025-03-26,transmission,unavail_tx_import_mw,24,24,28.750675933926715,28.750675933926715,0.0,28.750675933926715,28.750675933926715,0.0,28.750675933926715,0.0,0.5416666666666666,0.052019847423139254,10328.708333333334,515.7304166666667,170.68833333333336,2600.0,4160.0,1271000.0
T069,2025-03-27,transmission,unavail_tx_import_mw,24,24,10.884014260389952,10.884014260389952,0.0,10.884014260389952,10.884014260389952,0.0,-9.490485488911924,0.0,0.5416666666666666,0.04478539533177539,10449.958333333334,2344.3783333333336,103.76958333333334,2600.0,3570.0,1271000.0
T069,2025-03-28,transmission,unavail_tx_import_mw,24,24,5.041682431841699,5.08597498653397,0.04429255469227159,5.041682431841699,5.08597498653397,0.04429255469227159,1.45692115163686,-0.07938620468592379,0.4583333333333333,0.040588431830869354,9774.166666666666,2604.7916666666665,96.90000000000002,2512.5,1800.0,1271000.0
T069,2025-03-29,transmission,unavail_tx_import_mw,24,24,14.135216392670069,14.293455805717898,0.15823941304783226,14.135216392670069,14.293455805717898,0.15823941304783226,13.470696694032233,-0.14133769115043412,0.5833333333333334,0.0412558990115679,9066.458333333334,1680.9258333333335,179.56166666666664,2300.0,1800.0,1271000.0
T069,2025-03-30,transmission,unavail_tx_import_mw,23,23,22.669530098240834,22.669530098240834,0.0,22.669530098240834,22.669530098240834,0.0,-22.669530098240834,0.0,0.6086956521739131,0.05140053564480951,9699.08695652174,917.9034782608696,69.39695652173913,2300.0,1800.0,1271000.0
T069,2025-03-31,transmission,unavail_tx_import_mw,24,24,29.593374991581197,29.4067835795546,-0.18659141202659338,29.593374991581197,29.4067835795546,-0.18659141202659338,29.158855691839495,0.1696927321865164,0.5416666666666666,0.06532006637456789,9950.625,661.0275,238.63000000000002,2550.0,2730.0,1294000.0
