event_id,day,driver,n_hours,baseline_mae,llm_context_mae,oracle_mae,random_mean_mae,llm_minus_baseline_mae,oracle_minus_baseline_mae,random_mean_minus_baseline_mae,random_single_path_mae_mean,random_single_path_mae_p05,random_single_path_mae_p50,random_single_path_mae_p95,p_random_single_beats_llm,max_abs_llm_forecast_shift,max_abs_oracle_forecast_shift,random_declared_mw,random_width_hours
T060,2023-11-30,unavail_tx_import_mw,24,33.42017696395549,31.355958012904143,34.67553909069634,26.507334688822713,-2.0642189510513482,1.2553621267408488,-6.912842275132778,26.507334688822702,26.507334688822706,26.507334688822706,26.507334688822706,1.0,6.951554793139763,3.839934055289234,1200.0,24
G055,2023-11-30,avail_gen_mw,24,33.42017696395549,31.60024594286484,33.42017696395549,30.525223225980664,-1.8199310210906496,0.0,-2.894953737974827,30.525223225980707,30.5252232259807,30.5252232259807,30.5252232259807,1.0,6.462073664001323,1.4210854715202004e-14,1134.0,24
T069,2025-03-11,unavail_tx_import_mw,24,41.363958165352024,40.44289221541998,41.84043523193087,40.56955524854053,-0.9210659499320428,0.4764770665788447,-0.7944029168114923,40.56955524854061,40.56955524854061,40.56955524854061,40.56955524854061,0.0,3.4667356937780767,1.7624681653433356,1000.0,24
T069,2025-03-12,unavail_tx_import_mw,24,19.342522044648856,18.765562770534373,19.342522044648856,18.380923254458057,-0.5769592741144827,0.0,-0.9615987901907985,18.380923254458054,18.38092325445805,18.38092325445805,18.38092325445805,1.0,2.9215258607662804,1.4210854715202004e-14,1000.0,24
T064,2024-05-15,unavail_tx_import_mw,24,12.103858200526572,11.534805650726327,12.846687127079326,10.729906056680107,-0.5690525498002454,0.7428289265527539,-1.3739521438464646,10.729906056680111,10.72990605668011,10.72990605668011,10.72990605668011,1.0,1.8193538220037606,2.6484099213907157,1000.0,24
T069,2025-03-20,unavail_tx_import_mw,24,38.407317211856466,37.921795893152584,38.76724806854674,37.80041556347664,-0.4855213187038814,0.35993085669027636,-0.6069016483798251,37.80041556347662,37.80041556347661,37.80041556347661,37.80041556347661,1.0,2.697300270233683,1.980379173616683,1000.0,24
T069,2025-03-10,unavail_tx_import_mw,24,30.780653262410613,30.320980484089233,30.629290775266583,30.206062289508907,-0.4596727783213801,-0.15136248714403067,-0.5745909729017065,30.206062289508893,30.206062289508882,30.206062289508882,30.206062289508882,1.0,2.403666787624502,0.6750715778566558,1000.0,24
T069,2025-03-13,unavail_tx_import_mw,24,15.745580398226025,15.305829660913654,15.67620114340153,14.994614061924766,-0.43975073731237124,-0.06937925482449536,-0.7509663363012589,14.994614061924826,14.994614061924823,14.994614061924823,14.994614061924823,1.0,3.5917768533416563,1.7462214752227823,1000.0,24
T069,2025-03-29,unavail_tx_import_mw,24,14.135216392670067,13.743232090428782,14.293455805717898,13.645236014868464,-0.3919843022412852,0.15823941304783062,-0.48998037780160253,13.64523601486846,13.64523601486846,13.64523601486846,13.64523601486846,1.0,2.169362347597053,0.8915919032971189,1000.0,24
T069,2025-03-14,unavail_tx_import_mw,24,31.61612117612152,31.25125843292822,31.94127603979008,31.008006496886612,-0.36486274319329937,0.3251548636685584,-0.6081146792349088,31.008006496886647,31.008006496886647,31.008006496886647,31.008006496886647,1.0,1.7479205650223406,1.5430218899174832,1000.0,24
T069,2025-03-26,unavail_tx_import_mw,24,28.750675933926715,28.395899443461047,28.750675933926715,28.383898417157848,-0.3547764904656674,0.0,-0.3667775167688667,28.383898417157823,28.383898417157827,28.383898417157827,28.383898417157827,1.0,2.2511613186357664,7.105427357601002e-15,1000.0,24
G079,2025-05-14,avail_gen_mw,24,27.599152471154298,27.248473320888476,27.671978378388218,27.255385341589697,-0.3506791502658224,0.0728259072339199,-0.34376712956460054,27.255385341589655,27.255385341589648,27.255385341589648,27.255385341589648,0.0,1.3143321529186522,0.8968036588982216,1040.0,24
G060,2024-03-16,avail_gen_mw,24,17.237011236182557,16.8953575485865,16.80833479088284,14.820698348109659,-0.3416536875960574,-0.42867644529971827,-2.4163128880728983,14.82069834810966,14.820698348109664,14.820698348109664,14.820698348109664,1.0,4.268069426362175,5.355618714685654,1172.0,24
T069,2025-03-06,unavail_tx_import_mw,24,10.688862870123643,10.361145183975506,10.635807446186595,10.279215762438477,-0.32771768614813723,-0.05305542393704776,-0.4096471076851653,10.279215762438474,10.279215762438474,10.279215762438474,10.279215762438474,1.0,1.42880860241317,0.23599387308187048,1000.0,24
G079,2025-05-15,avail_gen_mw,24,14.900094991858097,14.640570522889922,14.975881990674837,14.609766881735355,-0.25952446896817527,0.07578699881674034,-0.29032811012274173,14.609766881735377,14.609766881735382,14.609766881735382,14.609766881735382,1.0,1.0854415593097855,0.37438197645512616,1040.0,24
T069,2025-03-25,unavail_tx_import_mw,24,16.190601333846484,15.943750542480856,16.190601333846484,15.779183348237085,-0.2468507913656275,0.0,-0.4114179856093987,15.779183348237106,15.77918334823711,15.77918334823711,15.77918334823711,1.0,1.7622037251996119,3.552713678800501e-15,1000.0,24
T069,2025-03-24,unavail_tx_import_mw,24,33.71944192575237,33.49008623070748,33.71944192575237,33.4327473069463,-0.2293556950448874,0.0,-0.2866946188060737,33.43274730694627,33.43274730694626,33.43274730694626,33.43274730694626,1.0,1.6421945606944917,3.552713678800501e-15,1000.0,24
T069,2025-03-16,unavail_tx_import_mw,24,6.413979198231801,6.188708896653722,6.413979198231801,6.188708896653728,-0.22527030157807904,0.0,-0.22527030157807282,6.18870889665372,6.188708896653721,6.188708896653721,6.188708896653721,1.0,1.537722262582033,3.552713678800501e-15,1000.0,24
T069,2025-03-17,unavail_tx_import_mw,24,41.67190443998527,41.446702522434926,41.41162288782131,41.3598152820462,-0.22520191755034347,-0.2602815521639599,-0.3120891579390701,41.35981528204618,41.35981528204618,41.35981528204618,41.35981528204618,1.0,0.999359796495078,1.1302449193894404,1000.0,24
T069,2025-03-19,unavail_tx_import_mw,24,30.310454312209476,30.11073932809475,30.424909846831053,30.060810582066058,-0.19971498411472766,0.11445553462157676,-0.24964373014341845,30.06081058206605,30.060810582066058,30.060810582066058,30.060810582066058,1.0,1.233318438259765,0.9349961406432357,1000.0,24
G079,2025-05-13,avail_gen_mw,24,31.031777521322766,30.85411394261752,31.031777521322766,30.852871387422642,-0.1776635787052463,0.0,-0.17890613390012433,30.852871387422606,30.8528713874226,30.8528713874226,30.8528713874226,1.0,2.3921492430357887,0.0,1040.0,24
T069,2025-03-07,unavail_tx_import_mw,24,7.053432562406918,6.891400562014724,7.107655295791814,6.837396602929881,-0.16203200039219467,0.05422273338489614,-0.21603595947703713,6.837396602929881,6.837396602929879,6.837396602929879,6.837396602929879,1.0,1.0276941851985306,0.30360298713638656,1000.0,24
T069,2025-03-31,unavail_tx_import_mw,24,29.593374991581197,29.44425314733778,29.4067835795546,29.344838584508853,-0.14912184424341746,-0.18659141202659768,-0.24853640707234348,29.344838584508825,29.34483858450883,29.34483858450883,29.34483858450883,1.0,1.2619297512271999,1.060208764857208,1000.0,24
G090,2025-12-24,avail_gen_mw,24,10.133546540629027,10.000318840610129,10.132482909220338,10.08751331918759,-0.13322770001889772,-0.0010636314086891474,-0.04603322144143718,10.087513319187591,10.08751331918759,10.08751331918759,10.08751331918759,0.0,1.5232902420027798,1.2018693733894992,1040.0,24
T069,2025-03-09,unavail_tx_import_mw,24,14.856497860051656,14.77986271841749,14.85649786005166,14.77990524067348,-0.0766351416341653,3.552713678800501e-15,-0.07659261937817519,14.779905240673461,14.779905240673465,14.779905240673465,14.779905240673465,0.0,1.4929876279931378,7.105427357601002e-15,1000.0,24
G079,2025-05-12,avail_gen_mw,24,18.90270124836241,18.83167922726619,18.90270124836241,18.832035853224976,-0.07102202109621913,0.0,-0.07066539513743209,18.832035853224944,18.832035853224948,18.832035853224948,18.832035853224948,0.0,3.6861799046087356,1.4210854715202004e-14,1040.0,24
G079,2025-05-11,avail_gen_mw,24,23.92181622988114,23.85290936894462,23.92181622988114,23.853603435575565,-0.06890686093652221,0.0,-0.06821279430557681,23.853603435575597,23.853603435575597,23.853603435575597,23.853603435575597,0.0,2.42638699026071,7.105427357601002e-15,1040.0,24
T069,2025-03-28,unavail_tx_import_mw,24,5.041682431841699,4.983145657472904,5.08597498653397,4.956096854728688,-0.05853677436879501,0.044292554692271224,-0.08558557711301074,4.956096854728693,4.956096854728693,4.956096854728693,4.956096854728693,1.0,0.9204381216434534,0.4932215053957627,1000.0,24
T069,2025-03-05,unavail_tx_import_mw,24,9.15172429316756,9.126966540511766,9.15172429316756,9.120777102347835,-0.02475775265579294,0.0,-0.030947190819723858,9.120777102347816,9.120777102347816,9.120777102347816,9.120777102347816,1.0,1.3509025859429258,1.7763568394002505e-15,1000.0,24
G060,2024-03-22,avail_gen_mw,24,22.31621385643972,22.295168842319686,24.221873558458004,21.19106798647512,-0.02104501412003401,1.9056597020182835,-1.1251458699646015,21.1910679864751,21.1910679864751,21.1910679864751,21.1910679864751,1.0,0.7282404178968349,9.630590394761775,1172.0,24
G085,2025-08-15,avail_gen_mw,24,7.328293014027946,7.321694646494503,7.338991603341239,7.32309216964376,-0.006598367533443117,0.010698589313292928,-0.005200844384185999,7.323092169643758,7.323092169643758,7.323092169643758,7.323092169643758,0.0,0.28870715481711073,0.11114703178638052,1121.0,24
G053,2023-10-19,avail_gen_mw,24,15.773624034108044,15.773624034108044,15.38053628750707,16.244838397298555,0.0,-0.39308774660097434,0.47121436319051035,16.244838397298537,16.244838397298533,16.244838397298533,16.244838397298533,0.0,0.0,16.338613821161303,1063.0,24
G053,2023-10-20,avail_gen_mw,24,10.464754129576635,10.464754129576635,9.401863167999041,9.357798535810392,0.0,-1.0628909615775939,-1.1069555937662425,9.357798535810375,9.357798535810376,9.357798535810376,9.357798535810376,1.0,0.0,12.681120289958685,1063.0,24
G055,2023-11-29,avail_gen_mw,24,33.172583545291694,33.172583545291694,31.42713804841847,30.629417765684654,0.0,-1.7454454968732236,-2.5431657796070404,30.62941776568461,30.62941776568462,30.62941776568462,30.62941776568462,1.0,0.0,6.9075499192883,1134.0,24
G055,2023-12-04,avail_gen_mw,24,30.059554503486282,30.059554503486282,29.99332084254389,33.0155782340593,0.0,-0.06623366094239103,2.9560237305730155,33.01557823405931,33.01557823405931,33.01557823405931,33.01557823405931,0.0,2.842170943040401e-14,10.21385081824009,1134.0,24
G074,2025-02-08,avail_gen_mw,24,6.6051525133511495,6.6051525133511495,7.085812852206104,6.758393174082076,0.0,0.4806603388549542,0.15324066073092624,6.75839317408206,6.75839317408206,6.75839317408206,6.75839317408206,0.0,3.552713678800501e-15,4.107488146061328,1172.0,24
G085,2025-08-14,avail_gen_mw,24,7.101347052790431,7.101347052790431,7.116900318368884,7.087701861415698,0.0,0.015553265578453157,-0.013645191374733301,7.0877018614157,7.0877018614157015,7.0877018614157015,7.0877018614157015,1.0,0.0,1.4574494459693597,1121.0,24
G090,2025-12-22,avail_gen_mw,24,15.853035312421506,15.853035312421506,15.910520949038181,15.892696803547855,0.0,0.057485636616675606,0.03966149112634909,15.89269680354786,15.892696803547857,15.892696803547857,15.892696803547857,0.0,0.0,2.260418120834032,1040.0,24
G090,2025-12-23,avail_gen_mw,24,36.92556955109116,36.92556955109116,37.328528542673816,37.32852854267373,0.0,0.4029589915826577,0.4029589915825724,37.32852854267382,37.328528542673816,37.328528542673816,37.328528542673816,0.0,0.0,3.2593167718095515,1040.0,24
G097,2026-04-09,avail_gen_mw,24,13.392459961339107,13.392459961339107,13.323350955747946,13.041849263885652,0.0,-0.06910900559116051,-0.35061069745345463,13.041849263885606,13.041849263885608,13.041849263885608,13.041849263885608,1.0,0.0,1.4613034934210702,1172.0,24
G097,2026-04-10,avail_gen_mw,24,35.083366396797025,35.083366396797025,35.083366396797025,34.989844873091734,0.0,0.0,-0.09352152370529154,34.98984487309174,34.98984487309175,34.98984487309175,34.98984487309175,1.0,0.0,3.552713678800501e-15,1172.0,24
T060,2023-11-29,unavail_tx_import_mw,24,33.172583545291694,33.172583545291694,32.46102813494744,33.27410692681776,0.0,-0.7115554103442534,0.10152338152606433,33.27410692681775,33.27410692681775,33.27410692681775,33.27410692681775,0.0,0.0,7.625502377731777,1200.0,24
T064,2024-05-10,unavail_tx_import_mw,24,19.997120273504184,19.997120273504184,19.989680483913794,21.989529934266812,0.0,-0.0074397895903892675,1.992409660762629,21.989529934266812,21.989529934266812,21.989529934266812,21.989529934266812,0.0,0.0,0.10532533089834395,1000.0,24
T064,2024-05-11,unavail_tx_import_mw,24,16.289306662871624,16.289306662871624,17.419823075957694,18.362506874498415,0.0,1.1305164130860703,2.0732002116267907,18.362506874498393,18.362506874498397,18.362506874498397,18.362506874498397,0.0,0.0,3.65713624973354,1000.0,24
T065,2024-06-18,unavail_tx_import_mw,24,8.899239445157564,8.899239445157564,8.587283846833124,7.629414964040381,0.0,-0.31195559832444,-1.2698244811171824,7.629414964040332,7.62941496404033,7.62941496404033,7.62941496404033,1.0,0.0,1.5110070976731578,1100.0,24
T065,2024-06-20,unavail_tx_import_mw,24,15.130369622929924,15.130369622929924,15.130369622929924,11.596351706754021,0.0,0.0,-3.5340179161759036,11.59635170675403,11.596351706754028,11.596351706754028,11.596351706754028,1.0,8.881784197001252e-16,1.7763568394002505e-15,1100.0,24
T069,2025-02-28,unavail_tx_import_mw,24,17.147343274479287,17.147343274479287,16.717940923020475,17.017527600249117,0.0,-0.4294023514588119,-0.12981567423016926,17.01752760024908,17.01752760024908,17.01752760024908,17.01752760024908,1.0,0.0,4.871696807590681,1000.0,24
T069,2025-03-01,unavail_tx_import_mw,24,8.331919651856852,8.331919651856852,9.153450316146575,8.680526618208974,0.0,0.8215306642897229,0.34860696635212207,8.680526618208999,8.680526618208997,8.680526618208997,8.680526618208997,0.0,0.0,2.5377768702081553,1000.0,24
G079,2025-05-10,avail_gen_mw,24,27.899311904163806,27.93179250304243,27.906722350743653,27.928971846783003,0.032480598878624534,0.007410446579847019,0.029659942619197466,27.928971846783025,27.928971846783025,27.928971846783025,27.928971846783025,1.0,2.5075083760383237,0.5452536375107968,1040.0,24
G079,2025-05-09,avail_gen_mw,24,21.610187618534876,21.675902592242654,21.33458583241882,21.67770906544959,0.06571497370777735,-0.2756017861160558,0.06752144691471429,21.67770906544951,21.67770906544951,21.67770906544951,21.67770906544951,0.0,3.058617938050645,1.2445571587303021,1040.0,24
G079,2025-05-17,avail_gen_mw,24,9.346255930411163,9.421547231886391,8.657456039580651,9.722712437787294,0.07529130147522878,-0.6887998908305111,0.37645650737613146,9.722712437787305,9.722712437787303,9.722712437787303,9.722712437787303,0.0,0.3068845443812229,3.3653741755703876,1040.0,24
G085,2025-08-16,avail_gen_mw,24,14.246262540237657,14.348708815223702,14.603266224442864,14.236160817390413,0.10244627498604508,0.3570036842052069,-0.010101722847243977,14.236160817390406,14.2361608173904,14.2361608173904,14.2361608173904,1.0,1.492805864876754,2.6542027832032105,1121.0,24
G074,2025-02-07,avail_gen_mw,24,14.459309339763637,14.592471645725889,14.459309339763637,16.799063974494633,0.13316230596225154,0.0,2.339754634730996,16.79906397449471,16.799063974494707,16.799063974494707,16.799063974494707,0.0,2.076352403150466,1.4210854715202004e-14,1172.0,24
T069,2025-03-27,unavail_tx_import_mw,24,10.884014260389952,11.024387482380254,10.884014260389952,11.059480787877844,0.140373221990302,0.0,0.1754665274878917,11.059480787877831,11.059480787877831,11.059480787877831,11.059480787877831,0.0,1.1374062694586229,7.105427357601002e-15,1000.0,24
G053,2023-10-21,avail_gen_mw,24,12.355693760811747,12.535524670720676,16.342620931719384,12.51161176299876,0.17983090990892947,3.986927170907638,0.15591800218701302,12.51161176299875,12.511611762998749,12.511611762998749,12.511611762998749,1.0,3.3316382488689253,45.876627633604784,1063.0,24
T060,2023-12-01,unavail_tx_import_mw,24,12.69923124394149,12.879314057240094,12.699231243941492,14.973051728316719,0.1800828132986041,1.7763568394002505e-15,2.2738204843752285,14.973051728316728,14.973051728316724,14.973051728316724,14.973051728316724,0.0,7.000274642578006,2.842170943040401e-14,1200.0,24
G074,2025-02-05,avail_gen_mw,24,6.642888734842899,6.824320027172121,6.8752944270197105,7.352774304730822,0.18143129232922206,0.23240569217681184,0.7098855698879234,7.352774304730828,7.352774304730829,7.352774304730829,7.352774304730829,0.0,2.5564197433295135,1.7216559107691864,1172.0,24
T069,2025-03-04,unavail_tx_import_mw,24,6.16187839345757,6.360603778115121,6.1880318836136015,6.365102980961826,0.19872538465755074,0.02615349015603119,0.20322458750425554,6.365102980961834,6.365102980961833,6.365102980961833,6.365102980961833,0.0,1.4638538514799464,0.44599970072613715,1000.0,24
T069,2025-03-30,unavail_tx_import_mw,23,22.669530098240834,22.871377342839402,22.669530098240834,23.005942172571775,0.20184724459856795,0.0,0.33641207433094067,23.005942172571785,23.005942172571785,23.005942172571785,23.005942172571785,0.0,1.3530922208919804,0.0,1000.0,24
G074,2025-02-06,avail_gen_mw,24,27.223217322856247,27.458393268704345,27.473310323019746,27.80569639192475,0.23517594584809842,0.2500930001634991,0.5824790690685049,27.80569639192481,27.805696391924798,27.805696391924798,27.805696391924798,0.0,6.9330408683212426,4.854097024797028,1172.0,24
T069,2025-03-23,unavail_tx_import_mw,24,14.627772490694786,14.880961025181657,14.627772490694786,14.944258158803374,0.2531885344868705,0.0,0.31648566810858725,14.944258158803384,14.94425815880338,14.94425815880338,14.94425815880338,0.0,2.6386061863602954,3.552713678800501e-15,1000.0,24
G060,2024-03-19,avail_gen_mw,24,6.1848803012869595,6.447973154756912,6.1848803012869595,6.509393477078433,0.2630928534699528,0.0,0.32451317579147343,6.509393477078395,6.5093934770783966,6.5093934770783966,6.5093934770783966,0.0,3.2666386260259443,0.0,1172.0,24
G097,2026-04-11,avail_gen_mw,24,22.17756407405842,22.461005468755634,21.028219635595853,22.881233865015133,0.2834413946972134,-1.1493444384625668,0.7036697909567131,22.881233865015194,22.88123386501519,22.88123386501519,22.88123386501519,0.0,3.8140950052457896,11.022102308427932,1172.0,24
G060,2024-03-21,avail_gen_mw,24,19.17160608390918,19.48269191010793,19.17160608390918,18.962676060753566,0.31108582619875236,0.0,-0.20893002315561304,18.96267606075352,18.96267606075352,18.96267606075352,18.96267606075352,1.0,3.396083876647495,1.4210854715202004e-14,1172.0,24
T069,2025-03-18,unavail_tx_import_mw,24,33.06050571595452,33.421315598277864,33.06050571595452,33.42131559827789,0.36080988232334477,0.0,0.3608098823233732,33.42131559827787,33.421315598277864,33.421315598277864,33.421315598277864,0.0,2.1384384107951036,1.4210854715202004e-14,1000.0,24
T069,2025-03-15,unavail_tx_import_mw,24,17.155408461054094,17.562904791360324,17.155408461054094,17.568265138924918,0.40749633030623045,0.0,0.41285667787082403,17.568265138924886,17.568265138924886,17.568265138924886,17.568265138924886,0.0,1.2884587695746603,0.0,1000.0,24
G079,2025-05-16,avail_gen_mw,24,15.209196642211259,15.63047916920146,15.209196642211259,15.68522715976532,0.4212825269902005,0.0,0.47603051755406156,15.685227159765331,15.685227159765333,15.685227159765333,15.685227159765333,0.0,2.296615617228621,3.552713678800501e-15,1040.0,24
T069,2025-03-22,unavail_tx_import_mw,24,11.319649894933397,11.772477252193033,11.110376230337517,11.77247725219302,0.4528273572596362,-0.20927366459588015,0.45282735725962375,11.77247725219303,11.772477252193033,11.772477252193033,11.772477252193033,0.0,1.5344638811081737,0.71120477134086,1000.0,24
T069,2025-03-08,unavail_tx_import_mw,24,17.882580595716345,18.34835169623962,17.882580595716345,18.34835169623963,0.46577110052327697,0.0,0.4657711005232841,18.34835169623963,18.348351696239625,18.348351696239625,18.348351696239625,0.0,1.2907042178815118,3.552713678800501e-15,1000.0,24
T065,2024-06-19,unavail_tx_import_mw,24,19.94023603058901,20.414427535537726,20.412323504069423,21.474292195053682,0.47419150494871687,0.47208747348041413,1.5340561644646726,21.474292195053625,21.47429219505362,21.47429219505362,21.47429219505362,0.0,1.8659053609063463,1.8814127196477202,1100.0,24
T069,2025-03-03,unavail_tx_import_mw,24,7.514638288126942,8.004521463168222,7.51463828812694,8.143155941633976,0.48988317504128087,-1.7763568394002505e-15,0.6285176535070347,8.143155941633976,8.143155941633974,8.143155941633974,8.143155941633974,0.0,1.7546415063498877,3.552713678800501e-15,1000.0,24
T065,2024-06-22,unavail_tx_import_mw,24,10.257576221850256,10.759686481263424,10.257576221850256,10.76605108721276,0.5021102594131683,0.0,0.5084748653625049,10.766051087212748,10.76605108721275,10.76605108721275,10.76605108721275,0.0,5.680061353194461,3.552713678800501e-15,1100.0,24
G060,2024-03-17,avail_gen_mw,24,4.94625313604752,5.614675732056365,6.132484569535254,6.132484569535265,0.6684225960088446,1.186231433487734,1.1862314334877446,6.1324845695352534,6.132484569535254,6.132484569535254,6.132484569535254,0.0,4.528130012727075,6.611303550427763,1172.0,24
T064,2024-05-14,unavail_tx_import_mw,24,14.26409452953682,15.001506540049713,14.188958865609473,16.086553637946533,0.7374120105128927,-0.07513566392734639,1.8224591084097135,16.08655363794654,16.086553637946544,16.086553637946544,16.086553637946544,0.0,1.9944885716551468,0.3434517517782396,1000.0,24
T069,2025-03-02,unavail_tx_import_mw,24,5.720852303187994,6.50904887682321,5.720852303187994,6.725257337111752,0.7881965736352168,0.0,1.0044050339237582,6.725257337111747,6.725257337111747,6.725257337111747,6.725257337111747,0.0,2.307383826002429,1.7763568394002505e-15,1000.0,24
T064,2024-05-12,unavail_tx_import_mw,24,13.888659113974617,14.727489332903005,13.146023144244134,15.728523442559647,0.838830218928388,-0.7426359697304825,1.8398643285850298,15.728523442559613,15.728523442559615,15.728523442559615,15.728523442559615,0.0,2.7612290968959066,2.5669298329412413,1000.0,24
T069,2025-03-21,unavail_tx_import_mw,24,33.7231291012719,34.59765914193122,33.19828058698725,34.81629165209602,0.8745300406593159,-0.5248485142846491,1.0931625508241183,34.81629165209607,34.81629165209606,34.81629165209606,34.81629165209606,0.0,4.235581360781836,2.3517260212677513,1000.0,24
T065,2024-06-27,unavail_tx_import_mw,24,5.477643902787672,6.405060952346744,5.477643902787672,6.776938525359597,0.9274170495590726,0.0,1.2992946225719253,6.776938525359607,6.776938525359605,6.776938525359605,6.776938525359605,0.0,1.8576789683601902,3.552713678800501e-15,1100.0,24
G060,2024-03-20,avail_gen_mw,24,18.028138670000192,18.96071142720608,18.028138670000192,19.015010761995807,0.932572757205886,0.0,0.9868720919956147,19.01501076199583,19.01501076199583,19.01501076199583,19.01501076199583,0.0,4.366281758046,1.4210854715202004e-14,1172.0,24
G055,2023-12-01,avail_gen_mw,24,12.69923124394149,13.848046094962049,12.698836242761672,14.30530952514446,1.1488148510205587,-0.0003950011798181663,1.6060782812029704,14.305309525144567,14.305309525144565,14.305309525144565,14.305309525144565,0.0,16.67638784064181,0.9853016712762042,1134.0,24
T065,2024-06-23,unavail_tx_import_mw,24,10.049980445937079,11.281702839897429,10.049980445937079,11.676301324788227,1.23172239396035,0.0,1.626320878851148,11.676301324788238,11.67630132478824,11.67630132478824,11.67630132478824,0.0,5.030521255467789,3.552713678800501e-15,1100.0,24
T064,2024-05-13,unavail_tx_import_mw,24,12.065500900924638,13.409101777268008,12.559330242586256,13.596362960667529,1.3436008763433698,0.49382934166161796,1.5308620597428906,13.596362960667532,13.596362960667527,13.596362960667527,13.596362960667527,0.0,3.557632238065416,1.1256285367342258,1000.0,24
T065,2024-06-26,unavail_tx_import_mw,24,16.233523124662103,17.60255617639787,16.38640457043662,17.609578889157017,1.3690330517357658,0.15288144577451845,1.3760557644949145,17.609578889157007,17.609578889157007,17.609578889157007,17.609578889157007,0.0,2.620590046330733,0.29334340616895105,1100.0,24
G055,2023-12-02,avail_gen_mw,24,53.52037565584671,54.94766453907598,54.04743329896845,56.40315870348453,1.4272888832292665,0.5270576431217364,2.8827830476378153,56.40315870348464,56.40315870348464,56.40315870348464,56.40315870348464,0.0,18.24439648322067,3.938693154441353,1134.0,24
G060,2024-03-18,avail_gen_mw,24,42.587602346300095,44.106768838253345,42.587602346300095,44.21768827933249,1.51916649195325,0.0,1.6300859330323973,44.217688279332506,44.21768827933251,44.21768827933251,44.21768827933251,0.0,4.796593967701398,2.842170943040401e-14,1172.0,24
T065,2024-06-25,unavail_tx_import_mw,24,15.997169120095563,17.564061834988706,16.582874183774532,17.58600512084513,1.566892714893143,0.5857050636789687,1.5888360007495663,17.586005120845158,17.586005120845158,17.586005120845158,17.586005120845158,0.0,3.117939236577385,1.3348759873101628,1100.0,24
T065,2024-06-21,unavail_tx_import_mw,24,8.457650338075688,10.244800428967961,8.457650338075686,10.785065397369209,1.7871500908922737,-1.7763568394002505e-15,2.3274150592935214,10.785065397369223,10.785065397369223,10.785065397369223,10.785065397369223,0.0,4.7946630052262265,7.105427357601002e-15,1100.0,24
G055,2023-12-03,avail_gen_mw,24,37.723531470714555,39.754152000823815,37.723531470714555,40.17691182216425,2.0306205301092604,0.0,2.4533803514496952,40.176911822164264,40.17691182216427,40.17691182216427,40.17691182216427,0.0,16.87607631735318,2.842170943040401e-14,1134.0,24
T065,2024-06-24,unavail_tx_import_mw,24,12.47173158168973,14.672424882962403,13.856257919767698,14.772364392590509,2.2006933012726737,1.3845263380779684,2.3006328109007796,14.77236439259053,14.772364392590525,14.772364392590525,14.772364392590525,0.0,5.686555724124105,4.252893233457442,1100.0,24
T060,2023-12-04,unavail_tx_import_mw,24,30.059554503486282,32.86115390304075,29.83241637036416,34.56689384246683,2.801599399554469,-0.2271381331221214,4.50733933898055,34.566893842466754,34.566893842466754,34.566893842466754,34.566893842466754,0.0,15.765428107781162,1.3320444989810767,1200.0,24
T060,2023-12-02,unavail_tx_import_mw,24,53.52037565584671,56.585993554291896,53.52037565584671,63.92038483547208,3.0656178984451827,0.0,10.400009179625364,63.9203848354722,63.92038483547221,63.92038483547221,63.92038483547221,0.0,7.499951074426178,2.842170943040401e-14,1200.0,24
T060,2023-12-03,unavail_tx_import_mw,24,37.723531470714555,41.850046701009255,37.723531470714555,45.7697185739328,4.1265152302947,0.0,8.046187103218244,45.7697185739329,45.76971857393291,45.76971857393291,45.76971857393291,0.0,8.97913012206459,2.842170943040401e-14,1200.0,24
