created_doc_time,avail_qty,biddingzone_domain,businesstype,curvetype,docstatus,end,entsoe_mrid,nominal_power,plant_type,production_resource_id,production_resource_location,production_resource_name,production_resource_psr_name,pstn,qty_uom,resolution,revision,start,source,start_local,end_local,duration_days,reduction_mw,event_id,kind,unit_or_pair,unit_name,entsoe_source,duplicate_of,in_domain,out_domain,pair,kept,nominal_mw_proxy,season,hydro_plausible,matched_thread_ids,rejection_reason,accepted,revision_surprise,first_publication_lead_hours,n_versions
2025-10-06 18:02:36+00:00,465,SE_3,Unplanned outage,A03,,2023-02-19 02:00:00+00:00,NasWre0UneyQoksxL-jQaA,1118.0,Nuclear,46WPU0000000016U,SE3,Forsmark block 2,,1,MAW,PT1M,2,2023-02-17 21:00:00+00:00,A77,2023-02-17 22:00:00+01:00,2023-02-19 03:00:00+01:00,1.2083333333333333,653.0,G001,generation,46WPU0000000016U,Forsmark block 2,A77,,,,,,,winter,False,747af9a2-0042-42b8-b4ea-eacd16c58bc9,,True,False,84.45569527111111,2
2025-10-06 18:34:33+00:00,0,SE_3,Unplanned outage,A03,,2023-03-10 21:43:00+00:00,FclzkxtWRFjEIu9QwMSopQ,1400.0,Nuclear,46WPU0000000061P,SE3,Oskarshamn 3,Oskarshamn G3,1,MAW,PT1M,5,2023-03-03 22:00:00+00:00,A80,2023-03-03 23:00:00+01:00,2023-03-10 22:43:00+01:00,6.988194444444445,1400.0,G002,generation,46WPU0000000061P,Oskarshamn 3,A80,,,,,,,spring,False,,okg_unit,False,False,,0
2025-10-06 18:37:35+00:00,1100,SE_3,Unplanned outage,A03,,2023-03-15 09:00:00+00:00,lcQbmKvs2sX_0_K17O0nPg,1400.0,Nuclear,46WPU0000000061P,SE3,Oskarshamn 3,Oskarshamn G3,1,MAW,PT1M,1,2023-03-13 15:00:00+00:00,A80,2023-03-13 16:00:00+01:00,2023-03-15 10:00:00+01:00,1.75,300.0,G003,generation,46WPU0000000061P,Oskarshamn 3,A80,,,,,,,spring,False,,okg_unit,False,False,,0
2025-10-06 19:17:03+00:00,560,SE_3,Unplanned outage,A03,,2023-04-07 04:00:00+00:00,3r6UYxyJomgot8K11s3oTw,1134.0,Nuclear,46WPU0000000014Y,SE3,Ringhals 4,,1,MAW,PT1M,2,2023-04-05 14:45:00+00:00,A77,2023-04-05 16:45:00+02:00,2023-04-07 06:00:00+02:00,1.5520833333333333,574.0,G004,generation,46WPU0000000014Y,Ringhals 4,A77,,,,,,,spring,True,166bd14f-43e3-40c9-b5fb-4454ed9a1f11,,True,True,-0.2987500186111111,2
2025-10-06 21:05:50+00:00,0,SE_3,Planned maintenance,A03,,2023-06-12 15:01:00+00:00,Ob0Enw97hv5TFz6t9dNB0g,1400.0,Nuclear,46WPU0000000061P,SE3,Oskarshamn 3,Oskarshamn G3,1,MAW,PT1M,7,2023-04-15 14:00:00+00:00,A80,2023-04-15 16:00:00+02:00,2023-06-12 17:01:00+02:00,58.04236111111111,1400.0,G005,generation,46WPU0000000061P,Oskarshamn 3,A80,,,,,,,spring,True,,okg_unit,False,False,,0
2025-10-06 20:37:35+00:00,495,SE_3,Planned maintenance,A03,,2023-05-07 10:00:00+00:00,CV4NfDPcX3911bTsjTx0sg,988.0,Nuclear,46WPU0000000015W,SE3,Forsmark block 1,,1,MAW,PT1M,7,2023-05-06 06:00:00+00:00,A77,2023-05-06 08:00:00+02:00,2023-05-07 12:00:00+02:00,1.1666666666666667,493.0,G006,generation,46WPU0000000015W,Forsmark block 1,A77,,,,,,,spring,True,ba4733eb-735c-44cf-8fb9-353b718150a5,,True,True,1193.0951642002778,7
2025-10-06 20:15:26+00:00,15,SE_3,Unplanned outage,A03,,2023-05-22 08:45:00+00:00,KGsw_2K-neHX0a3k5Vh9Ug,330.0,Hydro Water Reservoir,46WPU0000000018Q,SE3,Trängslet,,1,MAW,PT1M,3,2023-05-12 22:00:00+00:00,A77,2023-05-13 00:00:00+02:00,2023-05-22 10:45:00+02:00,9.447916666666666,315.0,G007,generation,46WPU0000000018Q,Trängslet,A77,,,,,,,spring,True,5c643b65-86d0-4002-bec3-7271a0ccc873,,True,True,14.013194730833334,3
2025-10-06 20:43:32+00:00,520,SE_3,Unplanned outage,A03,,2023-06-01 00:00:00+00:00,pom710P6AFDI-hlI82DnnA,988.0,Nuclear,46WPU0000000015W,SE3,Forsmark block 1,,1,MAW,PT1M,3,2023-05-30 00:00:00+00:00,A77,2023-05-30 02:00:00+02:00,2023-06-01 02:00:00+02:00,2.0,468.0,G008,generation,46WPU0000000015W,Forsmark block 1,A77,,,,,,,spring,True,b9105004-0727-45f0-a3a4-08bb8323e693,,True,True,0.4538938788888889,3
2025-10-06 22:26:53+00:00,0,SE_3,Planned maintenance,A03,,2023-07-19 03:00:00+00:00,8KWBCgDEH-3BrHCAFnVLVw,1063.0,Nuclear,46WPU00000000121,SE3,Ringhals 3,,1,MAW,PT1M,11,2023-05-31 02:00:00+00:00,A77,2023-05-31 04:00:00+02:00,2023-07-19 05:00:00+02:00,49.041666666666664,1063.0,G009,generation,46WPU00000000121,Ringhals 3,A77,,,,,,,spring,True,850b4e77-0b66-4fed-a553-a98f9c998f7c,,True,True,19120.48398497667,11
2025-10-06 20:47:22+00:00,541,SE_3,Unplanned outage,A03,,2023-06-03 17:00:00+00:00,2PoK52tYvE2nxMWq3iBxCw,1118.0,Nuclear,46WPU0000000016U,SE3,Forsmark block 2,,6571,MAW,PT1M,14,2023-06-01 03:30:00+00:00,A77,2023-06-01 05:30:00+02:00,2023-06-03 19:00:00+02:00,2.5625,577.0,G010,generation,46WPU0000000016U,Forsmark block 2,A77,,,,,,,summer,True,8408d7ba-f43d-4d5f-81d6-234737ca0b89,,True,True,114.23669063499999,14
2025-10-06 22:34:00+00:00,0,SE_3,Planned maintenance,A03,,2023-07-21 19:00:00+00:00,0L6QMkyx3Vez9f50wFcwRg,1172.0,Nuclear,46WPU0000000017S,SE3,Forsmark block 3,,1,MAW,PT1M,5,2023-07-01 22:00:00+00:00,A77,2023-07-02 00:00:00+02:00,2023-07-21 21:00:00+02:00,19.875,1172.0,G011,generation,46WPU0000000017S,Forsmark block 3,A77,,,,,,,summer,False,cef1cd67-e3f4-4a3c-90bc-aa6214f0772f,,True,True,31040.78597346278,5
2025-10-06 23:18:45+00:00,490,SE_3,Unplanned outage,A03,,2023-09-03 09:59:00+00:00,EWb72NurCGcZT8xTVC4xHA,1118.0,Nuclear,46WPU0000000016U,SE3,Forsmark block 2,,1,MAW,PT1M,6,2023-07-25 06:00:00+00:00,A77,2023-07-25 08:00:00+02:00,2023-09-03 11:59:00+02:00,40.16597222222222,628.0,G012,generation,46WPU0000000016U,Forsmark block 2,A77,,,,,,,summer,False,ffb212e1-171a-4603-a059-160c814c2142,,True,True,-0.3522385736111111,6
2025-10-06 23:02:45+00:00,0,SE_3,Planned maintenance,A03,,2023-08-03 15:00:00+00:00,ZcxoJPMb8WLrnruzSZbcHQ,531.0,Nuclear,46WPU00000000121,SE3,Ringhals 3,Ringhals block 3 G31,1,MAW,PT1M,5,2023-08-01 19:00:00+00:00,A80,2023-08-01 21:00:00+02:00,2023-08-03 17:00:00+02:00,1.8333333333333333,531.0,G013,generation,46WPU00000000121,Ringhals 3,A80,,,,,,,summer,False,,overlap_below_50pct,False,False,,0
2025-10-07 01:02:23+00:00,0,SE_3,Planned maintenance,A03,,2023-09-24 18:00:00+00:00,ePXRhMMKYBY2Hvctv34OJg,1134.0,Nuclear,46WPU0000000014Y,SE3,Ringhals 4,,1,MAW,PT1M,9,2023-08-02 03:00:00+00:00,A77,2023-08-02 05:00:00+02:00,2023-09-24 20:00:00+02:00,53.625,1134.0,G014,generation,46WPU0000000014Y,Ringhals 4,A77,,,,,,,summer,False,89a82fa8-2a56-4694-ab35-268e5023f680,,True,True,30568.646112517778,9
2025-10-07 00:08:04+00:00,0,SE_3,Unplanned outage,A03,,2023-08-28 04:19:00+00:00,HcqceREzkFMamnkxN163gg,1400.0,Nuclear,46WPU0000000061P,SE3,Oskarshamn 3,Oskarshamn G3,1,MAW,PT1M,5,2023-08-25 09:22:00+00:00,A80,2023-08-25 11:22:00+02:00,2023-08-28 06:19:00+02:00,2.7895833333333333,1400.0,G015,generation,46WPU0000000061P,Oskarshamn 3,A80,,,,,,,summer,False,,okg_unit,False,False,,0
2025-10-07 00:15:02+00:00,0,SE_3,Unplanned outage,A03,,2023-08-30 22:30:00+00:00,X6E1SNudY3VW1O-O20MNhA,1400.0,Nuclear,46WPU0000000061P,SE3,Oskarshamn 3,Oskarshamn G3,1,MAW,PT1M,6,2023-08-29 02:30:00+00:00,A80,2023-08-29 04:30:00+02:00,2023-08-31 00:30:00+02:00,1.8333333333333333,1400.0,G016,generation,46WPU0000000061P,Oskarshamn 3,A80,,,,,,,summer,False,,okg_unit,False,False,,0
2025-10-07 00:33:30+00:00,0,SE_3,Unplanned outage,A03,,2023-09-09 06:30:00+00:00,iaIdzO6wgV0XYRu06jcgYw,988.0,Nuclear,46WPU0000000015W,SE3,Forsmark block 1,,1,MAW,PT1M,5,2023-09-06 11:22:00+00:00,A77,2023-09-06 13:22:00+02:00,2023-09-09 08:30:00+02:00,2.797222222222222,988.0,G017,generation,46WPU0000000015W,Forsmark block 1,A77,,,,,,,autumn,False,8c2aafac-09b0-4cb4-868b-f2954e6d79b3,,True,True,-0.3449641936111111,5
2025-10-07 01:21:02+00:00,700,SE_3,Unplanned outage,A03,,2023-10-02 11:00:00+00:00,H4uHSiX_CI5g1s40-CJLsg,1134.0,Nuclear,46WPU0000000014Y,SE3,Ringhals 4,,1,MAW,PT1M,2,2023-09-28 13:00:00+00:00,A77,2023-09-28 15:00:00+02:00,2023-10-02 13:00:00+02:00,3.9166666666666665,434.0,G018,generation,46WPU0000000014Y,Ringhals 4,A77,,,,,,,autumn,False,c70ba993-0179-4f78-83aa-f09b9f1e292e,,True,False,0.3376207288888889,2
2025-10-07 02:33:06+00:00,500,SE_3,Planned maintenance,A03,,2023-10-30 01:30:00+00:00,gQVeaQ5s8x4UGWV76KwBjQ,1118.0,Nuclear,46WPU0000000016U,SE3,Forsmark block 2,,64681,MAW,PT1M,19,2023-10-18 08:00:00+00:00,A77,2023-10-18 10:00:00+02:00,2023-10-30 02:30:00+01:00,11.729166666666666,618.0,G019,generation,46WPU0000000016U,Forsmark block 2,A77,,,,,,,autumn,False,1d6b78c2-d650-46de-959c-80bd6255d7eb,,True,True,33642.80679836861,19
2025-10-07 02:09:18+00:00,0,SE_3,Unplanned outage,A03,,2023-10-21 06:00:00+00:00,BT048PlKPvIW5PbV9Yz-6w,1063.0,Nuclear,46WPU00000000121,SE3,Ringhals 3,,1,MAW,PT1M,4,2023-10-19 12:45:00+00:00,A77,2023-10-19 14:45:00+02:00,2023-10-21 08:00:00+02:00,1.71875,1063.0,G020,generation,46WPU00000000121,Ringhals 3,A77,,,,,,,autumn,False,c25c1170-d8fc-43e3-9515-3e74e41816d8,,True,True,-0.5889773411111111,4
2025-10-07 03:36:25+00:00,0,SE_3,Unplanned outage,A03,,2023-11-27 14:00:00+00:00,dfXfrfnihwds3dTUYFCLzQ,1172.0,Nuclear,46WPU0000000017S,SE3,Forsmark block 3,,1,MAW,PT1M,5,2023-11-25 16:40:00+00:00,A77,2023-11-25 17:40:00+01:00,2023-11-27 15:00:00+01:00,1.8888888888888888,1172.0,G021,generation,46WPU0000000017S,Forsmark block 3,A77,,,,,,,autumn,False,32501b29-c978-4086-8907-35d6856703d7,,True,True,0.03373520833333333,5
2025-10-07 03:49:32+00:00,0,SE_3,Unplanned outage,A03,,2023-12-04 02:00:00+00:00,KvWUFmiHgVTG6h8KHkvmew,1134.0,Nuclear,46WPU0000000014Y,SE3,Ringhals 4,,1,MAW,PT1M,4,2023-11-29 00:25:00+00:00,A77,2023-11-29 01:25:00+01:00,2023-12-04 03:00:00+01:00,5.065972222222222,1134.0,G022,generation,46WPU0000000014Y,Ringhals 4,A77,,,,,,,autumn,False,f3a3203d-571b-445d-9e53-eb012857d9f3,,True,True,-0.6303505002777778,4
2025-10-07 04:01:45+00:00,0,SE_3,Unplanned outage,A03,,2023-12-08 05:00:00+00:00,BwUqRMB0O68BrPlZVDFTcA,565.0,Nuclear,46WPU0000000014Y,SE3,Ringhals 4,Ringhals block 4 G41,1,MAW,PT1M,2,2023-12-06 16:00:00+00:00,A80,2023-12-06 17:00:00+01:00,2023-12-08 06:00:00+01:00,1.5416666666666667,565.0,G023,generation,46WPU0000000014Y,Ringhals 4,A80,,,,,,,winter,False,,overlap_below_50pct,False,False,,0
2025-10-07 05:34:31+00:00,630,SE_3,Unplanned outage,A03,,2024-01-23 08:30:00+00:00,Rt44xyYfK-pDTQYnxjceew,1400.0,Nuclear,46WPU0000000061P,SE3,Oskarshamn 3,Oskarshamn G3,1,MAW,PT1M,2,2024-01-19 07:00:00+00:00,A80,2024-01-19 08:00:00+01:00,2024-01-23 09:30:00+01:00,4.0625,770.0,G024,generation,46WPU0000000061P,Oskarshamn 3,A80,,,,,,,winter,False,,okg_unit,False,False,,0
2025-10-07 07:00:05+00:00,0,SE_3,Unplanned outage,A03,,2024-03-04 20:00:00+00:00,bgRWtayssUvHJrubXXn5ug,1121.0,Nuclear,46WPU0000000016U,SE3,Forsmark block 2,,1,MAW,PT1M,4,2024-02-29 23:00:00+00:00,A77,2024-03-01 00:00:00+01:00,2024-03-04 21:00:00+01:00,3.875,1121.0,G025,generation,46WPU0000000016U,Forsmark block 2,A77,,,,,,,spring,False,f1d69108-8b3d-45bd-ae4e-4a3cafba687d,,True,False,12.981034764722223,4
2025-10-07 07:44:08+00:00,0,SE_3,Unplanned outage,A03,,2024-03-22 01:00:00+00:00,5HyBlEb1bJ-E5hjxWdMymw,1172.0,Nuclear,46WPU0000000017S,SE3,Forsmark block 3,,1,MAW,PT1M,3,2024-03-16 16:00:00+00:00,A77,2024-03-16 17:00:00+01:00,2024-03-22 02:00:00+01:00,5.375,1172.0,G026,generation,46WPU0000000017S,Forsmark block 3,A77,,,,,,,spring,False,b48cda90-bc24-4227-b981-eb36c103079a,,True,True,751.5809492297223,3
2025-10-07 09:37:08+00:00,0,SE_3,Planned maintenance,A03,,2024-05-07 23:57:00+00:00,QIa6AO8hOszCshoNR7qG-g,1400.0,Nuclear,46WPU0000000061P,SE3,Oskarshamn 3,Oskarshamn G3,1,MAW,PT1M,10,2024-04-06 17:00:00+00:00,A80,2024-04-06 19:00:00+02:00,2024-05-08 01:57:00+02:00,31.289583333333333,1400.0,G027,generation,46WPU0000000061P,Oskarshamn 3,A80,,,,,,,spring,True,,okg_unit,False,False,,0
2025-10-07 09:52:59+00:00,0,SE_3,Planned maintenance,A03,,2024-05-23 10:00:00+00:00,7TbYDC7NFrkc7u167qhFcA,1121.0,Nuclear,46WPU0000000016U,SE3,Forsmark block 2,,1,MAW,PT1M,7,2024-04-21 10:00:00+00:00,A77,2024-04-21 12:00:00+02:00,2024-05-23 12:00:00+02:00,32.0,1121.0,G028,generation,46WPU0000000016U,Forsmark block 2,A77,,,,,,,spring,True,ee93db6e-3f74-46f3-9a79-612b4453526d,,True,True,29374.26953562361,7
2025-10-07 10:43:31+00:00,0,SE_3,Unplanned outage,A03,,2024-06-19 09:00:00+00:00,HuFOHPU1GIcXlSZ-miG8vA,1172.0,Nuclear,46WPU0000000017S,SE3,Forsmark block 3,,1,MAW,PT1M,8,2024-06-13 18:00:00+00:00,A77,2024-06-13 20:00:00+02:00,2024-06-19 11:00:00+02:00,5.625,1172.0,G029,generation,46WPU0000000017S,Forsmark block 3,A77,,,,,,,summer,True,851141db-9580-400a-8b64-9c3af7656001,,True,True,4.878129271388889,8
2025-10-07 11:17:28+00:00,0,SE_3,Unplanned outage,A03,,2024-07-09 12:00:00+00:00,zWy3S5iE9qCXNu0qelFjlQ,569.0,Nuclear,46WPU0000000014Y,SE3,Ringhals 4,Ringhals block 4 G42,1,MAW,PT1M,6,2024-06-18 15:00:00+00:00,A80,2024-06-18 17:00:00+02:00,2024-07-09 14:00:00+02:00,20.875,569.0,G030,generation,46WPU0000000014Y,Ringhals 4,A80,,,,,,,summer,True,,overlap_below_50pct,False,False,,0
2025-10-07 10:50:43+00:00,0,SE_3,Unplanned outage,A03,,2024-06-24 21:59:00+00:00,Kotz7hoLO4Ze28N4KaATrg,1172.0,Nuclear,46WPU0000000017S,SE3,Forsmark block 3,,1,MAW,PT1M,2,2024-06-19 19:00:00+00:00,A77,2024-06-19 21:00:00+02:00,2024-06-24 23:59:00+02:00,5.124305555555556,1172.0,G031,generation,46WPU0000000017S,Forsmark block 3,A77,,,,,,,summer,True,c7e1c7c5-9de6-40b6-a451-65c3d9d9d1ce,,True,True,2.573304897222222,2
2025-10-07 12:13:18+00:00,495,SE_3,Planned maintenance,A03,,2024-07-07 10:00:00+00:00,pEnmC0HKX0yAxcItVWmMNA,1014.0,Nuclear,46WPU0000000015W,SE3,Forsmark block 1,,1,MAW,PT1M,12,2024-06-30 20:00:00+00:00,A77,2024-06-30 22:00:00+02:00,2024-07-07 12:00:00+02:00,6.583333333333333,519.0,G032,generation,46WPU0000000015W,Forsmark block 1,A77,,,,,,,summer,True,3ce005a9-8ac7-4abb-a5b8-0c9b3342f227,,True,True,31064.30437477861,12
2025-10-07 13:41:39+00:00,0,SE_3,Planned maintenance,A03,,2024-09-15 22:00:00+00:00,wrMaG_fIQ8GvHYs2SmZZsw,1134.0,Nuclear,46WPU0000000014Y,SE3,Ringhals 4,,1,MAW,PT1M,11,2024-08-15 01:00:00+00:00,A77,2024-08-15 03:00:00+02:00,2024-09-16 00:00:00+02:00,31.875,1134.0,G033,generation,46WPU0000000014Y,Ringhals 4,A77,,,,,,,summer,False,c368c19f-65fd-4952-acbc-79b9a41f79b3,,True,True,30468.40218732778,11
2025-10-07 22:03:43+00:00,700,SE_3,Unplanned outage,A03,,2025-02-05 09:00:00+00:00,DFnY__LmRgKX4AH7xSbSXg,1172.0,Nuclear,46WPU0000000017S,SE3,Forsmark block 3,,61,MAW,PT1M,1,2025-02-03 17:00:00+00:00,A77,2025-02-03 18:00:00+01:00,2025-02-05 10:00:00+01:00,1.6666666666666667,472.0,G034,generation,46WPU0000000017S,Forsmark block 3,A77,,,,,,,winter,False,39942390-55c1-44d7-b630-48d2ef3a412b,,True,False,3.0660877241666666,1
2025-10-07 22:18:29+00:00,0,SE_3,Unplanned outage,A03,,2025-02-08 03:00:00+00:00,TkOkIe0ByRAkNlLjf14HNw,1172.0,Nuclear,46WPU0000000017S,SE3,Forsmark block 3,,480,MAW,PT1M,5,2025-02-05 17:00:00+00:00,A77,2025-02-05 18:00:00+01:00,2025-02-08 04:00:00+01:00,2.4166666666666665,1172.0,G035,generation,46WPU0000000017S,Forsmark block 3,A77,,,,,,,winter,False,ac830608-da5a-4fc5-a453-736c0aad3c73,,True,True,32.57592239583333,5
2025-10-08 00:42:25+00:00,0,SE_3,Unplanned outage,A03,,2025-03-28 09:00:00+00:00,EgBVySpyHlZHGKAA7EENyg,531.0,Nuclear,46WPU00000000121,SE3,Ringhals 3,Ringhals block 3 G31,1,MAW,PT1M,9,2025-02-28 13:30:00+00:00,A80,2025-02-28 14:30:00+01:00,2025-03-28 10:00:00+01:00,27.8125,531.0,G036,generation,46WPU00000000121,Ringhals 3,A80,,,,,,,winter,False,,overlap_below_50pct,False,False,,0
2025-10-08 00:14:06+00:00,500,SE_3,Unplanned outage,A03,,2025-03-19 22:59:00+00:00,pJooek-TiZG169kz8yHLdg,1121.0,Nuclear,46WPU0000000016U,SE3,Forsmark block 2,,1,MAW,PT1M,1,2025-03-17 17:30:00+00:00,A77,2025-03-17 18:30:00+01:00,2025-03-19 23:59:00+01:00,2.2284722222222224,621.0,G037,generation,46WPU0000000016U,Forsmark block 2,A77,G038,,,,,,spring,False,,duplicate_of_G038,False,False,,0
2025-10-08 00:18:38+00:00,500,SE_3,Unplanned outage,A03,,2025-03-20 22:59:00+00:00,4VeFxvynTyX4l5mO0qHRPQ,1121.0,Nuclear,46WPU0000000016U,SE3,Forsmark block 2,,1,MAW,PT1M,3,2025-03-17 17:30:00+00:00,A77,2025-03-17 18:30:00+01:00,2025-03-20 23:59:00+01:00,3.2284722222222224,621.0,G038,generation,46WPU0000000016U,Forsmark block 2,A77,,,,,,,spring,False,af2e1ce0-ac66-4d92-a1db-1f6a407faa2d,,True,True,0.7706308947222222,5
2025-10-08 02:29:41+00:00,0,SE_3,Planned maintenance,A03,,2025-05-07 13:00:00+00:00,TjwfCUlj7xrJDzcOHJFrHw,1172.0,Nuclear,46WPU0000000017S,SE3,Forsmark block 3,,1,MAW,PT1M,9,2025-04-27 20:00:00+00:00,A77,2025-04-27 22:00:00+02:00,2025-05-07 15:00:00+02:00,9.708333333333334,1172.0,G039,generation,46WPU0000000017S,Forsmark block 3,A77,,,,,,,spring,True,44d41d16-af53-4695-9623-1fb62825ffe5,,True,True,102.89942770694444,9
2025-10-08 04:18:38+00:00,0,SE_3,Planned maintenance,A03,,2025-06-23 02:39:00+00:00,r0fapLpOrjAwkxv7UrgCCg,1063.0,Nuclear,46WPU00000000121,SE3,Ringhals 3,,1,MAW,PT1M,9,2025-05-20 23:00:00+00:00,A77,2025-05-21 01:00:00+02:00,2025-06-23 04:39:00+02:00,33.15208333333333,1063.0,G040,generation,46WPU00000000121,Ringhals 3,A77,,,,,,,spring,True,686190f6-4d6b-4466-8a3d-6e89981b2e76,,True,True,16955.18853316278,10
2025-10-08 04:20:35+00:00,293,SE_3,Unplanned outage,A03,,2025-06-24 21:00:00+00:00,FdE7UuPXCiNYtUzKVpKtzA,1063.0,Nuclear,46WPU00000000121,SE3,Ringhals 3,,1,MAW,PT1M,2,2025-06-23 18:00:00+00:00,A77,2025-06-23 20:00:00+02:00,2025-06-24 23:00:00+02:00,1.125,770.0,G041,generation,46WPU00000000121,Ringhals 3,A77,,,,,,,summer,True,d6e90500-3501-456f-aa0a-93071bbef29e,,True,True,0.5394131416666667,2
2025-10-08 05:16:22+00:00,0,SE_3,Planned maintenance,A03,,2025-07-24 09:00:00+00:00,20-_lOS8pK90lh-GFtyM4A,1121.0,Nuclear,46WPU0000000016U,SE3,Forsmark block 2,,1,MAW,PT1M,7,2025-07-06 10:00:00+00:00,A77,2025-07-06 12:00:00+02:00,2025-07-24 11:00:00+02:00,17.958333333333332,1121.0,G042,generation,46WPU0000000016U,Forsmark block 2,A77,,,,,,,summer,False,ff6cc6cb-44c7-4af1-8af3-afec20334e47,,True,True,31053.416861005,7
2025-10-08 05:11:01+00:00,0,SE_3,Unplanned outage,A03,,2025-07-21 12:00:00+00:00,ovJ293lbs3RTlPQE7FNxuw,1172.0,Nuclear,46WPU0000000017S,SE3,Forsmark block 3,,1,MAW,PT1M,3,2025-07-20 01:00:00+00:00,A77,2025-07-20 03:00:00+02:00,2025-07-21 14:00:00+02:00,1.4583333333333333,1172.0,G043,generation,46WPU0000000017S,Forsmark block 3,A77,,,,,,,summer,False,c5bb020f-c779-4964-86bb-ba5ded0c2700,,True,True,7.190307089166667,3
2025-10-08 07:22:56+00:00,0,SE_3,Planned maintenance,A03,,2025-09-17 08:37:00+00:00,aXiFtGxbKVlQEepgafodwQ,1134.0,Nuclear,46WPU0000000014Y,SE3,Ringhals 4,,1,MAW,PT1M,6,2025-08-03 01:00:00+00:00,A77,2025-08-03 03:00:00+02:00,2025-09-17 10:37:00+02:00,45.31736111111111,1134.0,G044,generation,46WPU0000000014Y,Ringhals 4,A77,,,,,,,summer,False,f11b8394-36c1-4e5d-943a-de1b24880ccd,,True,True,972.0084267044446,6
2025-10-08 06:03:12+00:00,0,SE_3,Unplanned outage,A03,,2025-08-16 12:00:00+00:00,FuyHxxtAzHL9-WXLpDZbbA,1121.0,Nuclear,46WPU0000000016U,SE3,Forsmark block 2,,1,MAW,PT1M,5,2025-08-14 01:00:00+00:00,A77,2025-08-14 03:00:00+02:00,2025-08-16 14:00:00+02:00,2.4583333333333335,1121.0,G045,generation,46WPU0000000016U,Forsmark block 2,A77,,,,,,,summer,False,22ebf900-e4e4-4293-8803-e64739797189,,True,True,12.128530498611111,6
2025-10-08 06:22:55+00:00,0,SE_3,Unplanned outage,A03,,2025-08-28 13:00:00+00:00,VizL4Kqx9vD1uOtgRcPZ9w,1040.0,Nuclear,46WPU0000000015W,SE3,Forsmark block 1,,1,MAW,PT1M,10,2025-08-17 11:30:00+00:00,A77,2025-08-17 13:30:00+02:00,2025-08-28 15:00:00+02:00,11.0625,1040.0,G046,generation,46WPU0000000015W,Forsmark block 1,A77,,,,,,,summer,False,5bcc2814-60d0-4ff3-b67d-054c182ac17e,,True,True,44.17102309333333,10
2025-10-08 06:31:40+00:00,550,SE_3,Unplanned outage,A03,,2025-09-02 04:00:00+00:00,JBtoxWNlRjl1lK9T3nhUIQ,1040.0,Nuclear,46WPU0000000015W,SE3,Forsmark block 1,,1,MAW,PT1M,8,2025-08-28 19:45:00+00:00,A77,2025-08-28 21:45:00+02:00,2025-09-02 06:00:00+02:00,4.34375,490.0,G047,generation,46WPU0000000015W,Forsmark block 1,A77,,,,,,,summer,False,838b02ec-d23b-4f5e-9d3e-1624996af290,,True,True,0.07435136305555556,8
2025-11-10 14:22:31+00:00,0,SE_3,Unplanned outage,A03,,2025-10-14 10:00:00+00:00,a2Pq7s9eMOH_gJiQIZb_dg,565.0,Nuclear,46WPU0000000014Y,SE3,Ringhals 4,Ringhals block 4 G41,1,MAW,PT1M,2,2025-10-12 09:00:00+00:00,A80,2025-10-12 11:00:00+02:00,2025-10-14 12:00:00+02:00,2.0416666666666665,565.0,G048,generation,46WPU0000000014Y,Ringhals 4,A80,,,,,,,autumn,False,,overlap_below_50pct,False,False,,0
2025-12-18 19:56:42+00:00,0,SE_3,Unplanned outage,A03,,2025-12-18 03:59:00+00:00,3DzQM_p1C75jbK15DoHyjQ,1400.0,Nuclear,46WPU0000000061P,SE3,Oskarshamn 3,Oskarshamn G3,1,MAW,PT1M,8,2025-12-12 01:30:00+00:00,A80,2025-12-12 02:30:00+01:00,2025-12-18 04:59:00+01:00,6.103472222222222,1400.0,G049,generation,46WPU0000000061P,Oskarshamn 3,A80,,,,,,,winter,False,,okg_unit,False,False,,0
2026-01-06 00:35:59+00:00,0,SE_3,Unplanned outage,A03,,2025-12-24 09:30:00+00:00,hROCq3ZjqvUQeM7PJhFbvg,1040.0,Nuclear,46WPU0000000015W,SE3,Forsmark block 1,,1,MAW,PT1M,6,2025-12-22 19:28:00+00:00,A77,2025-12-22 20:28:00+01:00,2025-12-24 10:30:00+01:00,1.5847222222222221,1040.0,G050,generation,46WPU0000000015W,Forsmark block 1,A77,,,,,,,winter,False,d102a701-cb6e-4f57-a1fa-6a98c04c6799,,True,True,-1.8611649005555555,6
2026-02-23 10:29:11+00:00,0,SE_3,Unplanned outage,A03,,2026-03-28 18:00:00+00:00,yqXs65qY2CHSKj38PFAqNw,1400.0,Nuclear,46WPU0000000061P,SE3,Oskarshamn 3,Oskarshamn G3,1,MAW,PT1M,1,2026-02-23 15:00:00+00:00,A80,2026-02-23 16:00:00+01:00,2026-03-28 19:00:00+01:00,33.125,1400.0,G051,generation,46WPU0000000061P,Oskarshamn 3,A80,,,,,,,winter,False,,okg_unit,False,False,,0
2026-04-04 17:52:08+00:00,0,SE_3,Planned maintenance,A03,,2026-04-05 10:00:00+00:00,XWLi8F4VryGcU4GNXgd87A,1172.0,Nuclear,46WPU0000000017S,SE3,Forsmark block 3,,1,MAW,PT1M,7,2026-03-07 23:00:00+00:00,A77,2026-03-08 00:00:00+01:00,2026-04-05 12:00:00+02:00,28.458333333333332,1172.0,G052,generation,46WPU0000000017S,Forsmark block 3,A77,,,,,,,spring,False,4ab0dc65-0d37-440f-b103-905f1930a210,,True,True,28522.879638411945,7
2026-03-30 00:45:03+00:00,0,SE_3,Planned maintenance,A03,,2026-03-30 03:00:00+00:00,NfiIHIy9RJ0rIvqolM1ncw,569.0,Nuclear,46WPU0000000014Y,SE3,Ringhals 4,Ringhals block 4 G42,1,MAW,PT1M,4,2026-03-27 20:00:00+00:00,A80,2026-03-27 21:00:00+01:00,2026-03-30 05:00:00+02:00,2.2916666666666665,569.0,G053,generation,46WPU0000000014Y,Ringhals 4,A80,,,,,,,spring,False,,overlap_below_50pct,False,False,,0
2026-04-07 14:18:49+00:00,0,SE_3,Unplanned outage,A03,,2026-04-07 15:30:00+00:00,iltFsRz7VyKvngieqsHoMA,1172.0,Nuclear,46WPU0000000017S,SE3,Forsmark block 3,,1,MAW,PT1M,5,2026-04-06 13:15:00+00:00,A77,2026-04-06 15:15:00+02:00,2026-04-07 17:30:00+02:00,1.09375,1172.0,G054,generation,46WPU0000000017S,Forsmark block 3,A77,,,,,,,spring,True,c4067323-4803-4262-9241-49253cee551a,,True,True,2.3131710402777776,5
2026-04-08 13:50:57+00:00,160,SE_3,Unplanned outage,A03,,2026-04-09 01:00:00+00:00,QLjlC3yoe8R8_XJkjf5_yw,1172.0,Nuclear,46WPU0000000017S,SE3,Forsmark block 3,,1,MAW,PT1M,2,2026-04-07 16:35:00+00:00,A77,2026-04-07 18:35:00+02:00,2026-04-09 03:00:00+02:00,1.3506944444444444,1012.0,G055,generation,46WPU0000000017S,Forsmark block 3,A77,,,,,,,spring,True,4fb67806-df89-41f6-ae34-ed44c1c8faa5,,True,False,0.0022886430555555557,2
2026-04-10 20:12:55+00:00,0,SE_3,Unplanned outage,A03,,2026-04-10 23:30:00+00:00,wHHRr5sIPZS8caKe-o9jRg,1172.0,Nuclear,46WPU0000000017S,SE3,Forsmark block 3,,1,MAW,PT1M,6,2026-04-09 01:00:00+00:00,A77,2026-04-09 03:00:00+02:00,2026-04-11 01:30:00+02:00,1.9375,1172.0,G056,generation,46WPU0000000017S,Forsmark block 3,A77,,,,,,,spring,True,4415ea6d-4f7c-44c0-9ef0-67248981b2eb,,True,True,10.949660519166667,6
2026-04-15 15:12:24+00:00,480,SE_3,Unplanned outage,A03,,2026-04-15 19:00:00+00:00,o_PasfN24xPyVZChe5GRmQ,1100.0,Nuclear,46WPU0000000015W,SE3,Forsmark block 1,,1236,MAW,PT1M,6,2026-04-13 21:59:00+00:00,A77,2026-04-13 23:59:00+02:00,2026-04-15 21:00:00+02:00,1.8756944444444446,620.0,G057,generation,46WPU0000000015W,Forsmark block 1,A77,,,,,,,spring,True,cb242e0a-6719-401a-b07c-864e822fb90e,,True,True,20.196243133333333,6
2026-04-16 17:27:40+00:00,0,SE_3,Unplanned outage,A03,,2026-04-16 22:00:00+00:00,ZOkKECEF-2z9mDNxwIoF-w,492.0,Nuclear,46WPU0000000015W,SE3,Forsmark block 1,Forsmark block 1 G11,1,MAW,PT1M,3,2026-04-15 21:46:00+00:00,A80,2026-04-15 23:46:00+02:00,2026-04-17 00:00:00+02:00,1.0097222222222222,492.0,G058,generation,46WPU0000000015W,Forsmark block 1,A80,,,,,,,spring,True,,overlap_below_50pct,False,False,,0
2026-07-09 03:47:21+00:00,515,SE_3,Unplanned outage,A03,,2026-07-09 07:00:00+00:00,haMFBsuenb_3dPAS-Ltcxw,1121.0,Nuclear,46WPU0000000016U,SE3,Forsmark block 2,,1,MAW,PT1M,9,2026-07-06 05:00:00+00:00,A77,2026-07-06 07:00:00+02:00,2026-07-09 09:00:00+02:00,3.0833333333333335,606.0,G059,generation,46WPU0000000016U,Forsmark block 2,A77,,,,,,,summer,False,d6e93ded-7b66-4adb-b724-8a6b82621dec,,True,True,87.4147345663889,9
2026-07-19 11:25:47+00:00,600,SE_3,Unplanned outage,A03,,2026-07-19 12:30:00+00:00,t8m0jCBdd0LKalpDpHp6XQ,1400.0,Nuclear,46WPU0000000061P,SE3,Oskarshamn 3,,1,MAW,PT1M,2,2026-07-18 02:00:00+00:00,A77,2026-07-18 04:00:00+02:00,2026-07-19 14:30:00+02:00,1.4375,800.0,G060,generation,46WPU0000000061P,Oskarshamn 3,A77,,,,,,,summer,False,,okg_unit,False,False,,0
2025-11-06 05:38:14+00:00,400,,Unplanned outage,A03,,2023-04-20 15:59:00+00:00,wLjEkrfih412pAHx_h3dTQ,,,,,,,1,MAW,PT1M,9,2023-04-19 07:52:00+00:00,,2023-04-19 09:52:00+02:00,2023-04-20 17:59:00+02:00,1.3381944444444445,800.0,T001,transmission,fi_se3,,A78,,SE_3,FI,fi_se3,True,1200.0,spring,True,f122322e-f16d-46e6-8a65-01e9ba388770,,True,True,-0.5813888888888888,8
2025-11-06 05:38:14+00:00,1150,,Unplanned outage,A03,,2023-05-09 03:59:00+00:00,-grBT2UBodMZg11UoYipLQ,,,,,,,1928,MAW,PT1M,9,2023-04-20 15:59:00+00:00,,2023-04-20 17:59:00+02:00,2023-05-09 05:59:00+02:00,18.5,50.0,T002,transmission,se3_fi,,A78,,FI,SE_3,se3_fi,True,1200.0,spring,True,f122322e-f16d-46e6-8a65-01e9ba388770,,True,True,31.53527777777778,8
2025-11-06 10:30:30+00:00,800,,Unplanned outage,A03,,2023-08-22 07:00:00+00:00,0RAPBDDRl-vn27oy7WpVFw,,,,,,,1,MAW,PT1M,7,2023-07-29 23:50:00+00:00,,2023-07-30 01:50:00+02:00,2023-08-22 09:00:00+02:00,23.29861111111111,400.0,T003,transmission,se3_fi,,A78,T005,FI,SE_3,se3_fi,True,1200.0,summer,False,,duplicate_of_T005,False,False,,0
2025-11-06 10:30:30+00:00,800,,Unplanned outage,A03,,2023-08-22 07:00:00+00:00,7B3Bzpy5_gV3YJN0RPa6Vg,,,,,,,1,MAW,PT1M,7,2023-07-29 23:50:00+00:00,,2023-07-30 01:50:00+02:00,2023-08-22 09:00:00+02:00,23.29861111111111,400.0,T004,transmission,fi_se3,,A78,,SE_3,FI,fi_se3,True,1200.0,summer,False,e39ccff0-82d6-4b86-b103-35aca15d11d8,,True,True,-0.9569444444444445,7
2025-11-06 10:30:45+00:00,600,,Unplanned outage,A03,,2023-08-24 13:00:00+00:00,6bmis-jKFE3boz-tROnLDA,,,,,,,2880,MAW,PT1M,4,2023-08-20 21:59:00+00:00,,2023-08-20 23:59:00+02:00,2023-08-24 15:00:00+02:00,3.6256944444444446,600.0,T005,transmission,se3_fi,,A78,,FI,SE_3,se3_fi,True,1200.0,summer,False,5ef4a73f-d570-48c8-bea4-12bdbe0ce5d4,,True,True,69.51666666666667,10
2025-11-06 12:26:06+00:00,0,,Unplanned outage,A03,,2023-12-04 22:59:00+00:00,LHBS2_wAf2zbcrP_D25JCA,,,,,,,1,MAW,PT1M,7,2023-11-29 00:25:00+00:00,,2023-11-29 01:25:00+01:00,2023-12-04 23:59:00+01:00,5.940277777777778,1200.0,T006,transmission,fi_se3,,A78,,SE_3,FI,fi_se3,True,1200.0,autumn,False,bc529a40-24d1-45ae-8b04-3514126e5858,,True,True,-1.0475,7
2025-11-06 12:41:36+00:00,300,,Unplanned outage,A03,,2023-12-22 10:16:00+00:00,8ar-KC61Gu-bYVg1--0c6g,,,,,,,1,MAW,PT1M,6,2023-12-11 06:50:00+00:00,,2023-12-11 07:50:00+01:00,2023-12-22 11:16:00+01:00,11.143055555555556,415.0,T007,transmission,dk1_se3,,A78,,SE_3,DK_1,dk1_se3,True,715.0,winter,False,5cc8cf0f-796e-4b5e-9b94-102a63ea00cc,,True,True,-0.185,8
2025-11-06 12:54:18+00:00,345,,Unplanned outage,A03,,2023-12-25 12:00:00+00:00,PJ7ROAiecCF-ygzcYSrvQQ,,,,,,,1,MAW,PT1M,2,2023-12-24 09:00:00+00:00,,2023-12-24 10:00:00+01:00,2023-12-25 13:00:00+01:00,1.125,370.0,T008,transmission,se3_dk1,,A78,,DK_1,SE_3,se3_dk1,True,715.0,winter,False,61e15095-3c60-42bc-a6c2-5273c0012272,,True,True,0.07722222222222222,2
2025-11-06 12:54:18+00:00,345,,Unplanned outage,A03,,2023-12-25 12:00:00+00:00,mIFusEHWEBIr3Gmeg7Jrgg,,,,,,,1,MAW,PT1M,2,2023-12-24 09:00:00+00:00,,2023-12-24 10:00:00+01:00,2023-12-25 13:00:00+01:00,1.125,370.0,T009,transmission,dk1_se3,,A78,,SE_3,DK_1,dk1_se3,True,715.0,winter,False,61e15095-3c60-42bc-a6c2-5273c0012272,,True,True,0.07722222222222222,2
2025-11-07 22:11:18+00:00,200,,Unplanned outage,A03,,2024-05-15 12:40:00+00:00,fZcChUCZ2OdLkrQ4QqBbYg,,,,,,,1,MAW,PT1M,8,2024-05-10 19:08:00+00:00,,2024-05-10 21:08:00+02:00,2024-05-15 14:40:00+02:00,4.730555555555555,1000.0,T010,transmission,fi_se3,,A78,,SE_3,FI,fi_se3,True,1200.0,spring,True,e713d6b1-4d81-451b-be41-e59773038511,,True,True,-0.5316666666666666,8
2025-11-07 23:57:43+00:00,100,,Unplanned outage,A03,,2024-06-27 21:59:00+00:00,yp9pIjhDtVm4QRR8yTRTsQ,,,,,,,1,MAW,PT1M,2,2024-06-18 15:00:00+00:00,,2024-06-18 17:00:00+02:00,2024-06-27 23:59:00+02:00,9.290972222222223,1100.0,T011,transmission,fi_se3,,A78,,SE_3,FI,fi_se3,True,1200.0,summer,True,f2578225-b470-4b85-ae92-1e4ea03e0b36,,True,True,23.280833333333334,2
2025-11-08 01:41:56+00:00,800,,Unplanned outage,A03,,2024-07-24 06:05:00+00:00,-Jmk3nnGNDtZNLeq0MWbkA,,,,,,,1,MAW,PT1M,4,2024-07-18 13:00:00+00:00,,2024-07-18 15:00:00+02:00,2024-07-24 08:05:00+02:00,5.711805555555555,400.0,T012,transmission,fi_se3,,A78,,SE_3,FI,fi_se3,True,1200.0,summer,False,3879bba3-cadb-474c-a7cc-b946132c5797,,True,True,0.7163888888888889,4
2025-11-08 01:41:56+00:00,800,,Unplanned outage,A03,,2024-07-24 06:05:00+00:00,mQMtfXVp5dKOMS0aWuTTpg,,,,,,,1,MAW,PT1M,4,2024-07-18 13:00:00+00:00,,2024-07-18 15:00:00+02:00,2024-07-24 08:05:00+02:00,5.711805555555555,400.0,T013,transmission,se3_fi,,A78,,FI,SE_3,se3_fi,True,1200.0,summer,False,3879bba3-cadb-474c-a7cc-b946132c5797,,True,True,0.7163888888888889,4
2025-11-08 04:20:30+00:00,1395,,Unplanned outage,A03,,2024-11-07 20:00:00+00:00,jKv8-j35osrys-1sV1t9UA,,,,,,,1,MAW,PT1M,3,2024-11-04 08:00:00+00:00,,2024-11-04 09:00:00+01:00,2024-11-07 21:00:00+01:00,3.5,700.0,T014,transmission,se3_no1,,A78,,NO_1,SE_3,se3_no1,True,2095.0,autumn,False,dade174c-36a7-4886-8e9a-9005854f03d4,,True,True,1075.1572222222221,3
2025-11-08 07:23:57+00:00,200,,Unplanned outage,A03,,2025-03-31 21:59:00+00:00,5IjfBKN_XHIO-wqx-y5JIQ,,,,,,,1,MAW,PT1M,2,2025-02-28 15:11:00+00:00,,2025-02-28 16:11:00+01:00,2025-03-31 23:59:00+02:00,31.283333333333335,1000.0,T015,transmission,fi_se3,,A78,,SE_3,FI,fi_se3,True,1200.0,winter,False,7d0432de-3b25-4165-81f9-556fe764a0bf,,True,True,-0.04638888888888889,4
2025-11-08 16:43:01+00:00,345,,Unplanned outage,A03,,2025-10-14 04:59:00+00:00,L3doWdFutUUqeAPdCcqQxg,,,,,,,1779,MAW,PT1M,5,2025-07-25 12:29:00+00:00,,2025-07-25 14:29:00+02:00,2025-10-14 06:59:00+02:00,80.6875,370.0,T016,transmission,se3_dk1,,A78,,DK_1,SE_3,se3_dk1,True,715.0,summer,False,152b3fe2-ee7b-4df0-aead-341d9dcd3a99,,True,True,29.45888888888889,8
2025-11-08 16:43:01+00:00,0,,Unplanned outage,A03,,2025-10-15 18:00:00+00:00,KdXcPu-B22S0aFbAwg8uAg,,,,,,,117969,MAW,PT1M,5,2025-10-14 04:59:00+00:00,,2025-10-14 06:59:00+02:00,2025-10-15 20:00:00+02:00,1.542361111111111,715.0,T017,transmission,dk1_se3,,A78,,SE_3,DK_1,dk1_se3,True,715.0,autumn,False,152b3fe2-ee7b-4df0-aead-341d9dcd3a99,,True,True,1965.9588888888889,8
2025-12-30 09:03:22+00:00,800,,Unplanned outage,A03,,2025-12-31 23:00:00+00:00,gB8neu4riW2DRZZTnX1VHg,,,,,,,1,MAW,PT1M,1,2025-12-30 23:00:00+00:00,,2025-12-31 00:00:00+01:00,2026-01-01 00:00:00+01:00,1.0,400.0,T018,transmission,fi_se3,,A78,,SE_3,FI,fi_se3,True,1200.0,winter,False,d767dc25-bc4f-43c0-ad3e-96b742b4a1aa,,True,False,13.959166666666667,1
2026-07-01 10:00:31+00:00,300,,Unplanned outage,A03,,2026-07-01 22:00:00+00:00,Js0C78G3BJcNPCeDyq2wHg,,,,,,,1,MAW,PT1M,4,2026-05-24 22:00:00+00:00,,2026-05-25 00:00:00+02:00,2026-07-02 00:00:00+02:00,38.0,900.0,T019,transmission,fi_se3,,A78,,SE_3,FI,fi_se3,True,1200.0,spring,True,626b62a0-8e90-4bcb-b414-cd609cbc0125,,True,True,12.427222222222222,7
